bucket,zone,year,journal,first_author,n_authors,cited,type,doi,title
A,二区(电磁专业),2022,Computer Methods in Applied Mechanics and Engineering,Manuel A. Sánchez,5,12,article,10.1016/j.cma.2022.114969,Symplectic Hamiltonian finite element methods for electromagnetics
A,二区(电磁专业),2021,International Journal for Numerical Methods in Engineering,Hrvoje Dodig,3,14,article,10.1002/nme.6675,On the edge element boundary element method/finite element method coupling for time harmonic electromagnetic scattering problems
A,二区(电磁专业),2017,Journal of Computational Physics,Reza Abedi,2,12,article,10.1016/j.jcp.2017.09.001,An asynchronous spacetime discontinuous Galerkin finite element method for time domain electromagnetics
A,二区(电磁专业),2024,International Journal for Numerical Methods in Engineering,Shuqi Liu,4,3,article,10.1002/nme.7559,A mixed finite element spatial discretization scheme and a higher‐order accurate temporal discretization scheme for a strongly discontinuous electromagnetic interface condition in ideal sliding electrical contact problems
A,二区(电磁专业),2016,Journal of Computational Physics,Elisa Maria Bittencourt Dutra de Sousa,2,21,article,10.1016/j.jcp.2016.08.044,A blended continuous–discontinuous finite element method for solving the multi-fluid plasma model
A,二区(电磁专业),2015,Engineering Analysis with Boundary Elements,Mario Cvetković,3,34,article,10.1016/j.enganabound.2015.11.002,The electromagnetic-thermal dosimetry for the homogeneous human brain model
A,二区(电磁专业),2015,Journal of Computational Physics,Emre Kılıç,2,19,article,10.1016/j.jcp.2015.02.004,Solution of 3D inverse scattering problems by combined inverse equivalent current and finite element methods
A,二区(电磁专业),2016,Computer Methods in Applied Mechanics and Engineering,Reza Yaghmaie,3,19,article,10.1016/j.cma.2016.01.016,Wavelet transformation induced multi-time scaling (WATMUS) model for coupled transient electro-magnetic and structural dynamics finite element analysis
A,二区(电磁专业),2020,Computer Methods in Applied Mechanics and Engineering,Satoshi Noguchi,3,14,article,10.1016/j.cma.2020.113295,Proposal of finite element analysis method for dielectric breakdown based on Maxwell’s equations
A,二区(电磁专业),2019,Computer Methods in Applied Mechanics and Engineering,Daniel García,3,23,article,10.1016/j.cma.2019.06.011,Refined isogeometric analysis for fluid mechanics and electromagnetics
A,二区(电磁专业),2019,International Journal for Numerical Methods in Engineering,Shinnosuke Nishi,5,26,article,10.1002/nme.6263,Isogeometric topology optimization of anisotropic metamaterials for controlling high‐frequency electromagnetic wave
A,二区(电磁专业),2016,Finite Elements in Analysis and Design,Frédéric Druesne,4,20,article,10.1016/j.finel.2016.09.004,Modal stability procedure applied to variability in vibration from electromagnetic origin for an electric motor
A,二区(电磁专业),2017,Finite Elements in Analysis and Design,Alfredo Bermúdez,4,18,article,10.1016/j.finel.2016.11.005,Electromagnetic computations with Preisach hysteresis model
A,二区(电磁专业),2025,Engineering Analysis with Boundary Elements,Jibing Shen,6,8,article,10.1016/j.enganabound.2025.106549,Isogeometric boundary element analysis of sensitivity in TE-polarized electromagnetic scattering from dielectric bodies
A,二区(电磁专业),2020,Journal of Computational Physics,Adrián Amor-Martín,3,7,article,10.1016/j.jcp.2020.109989,Study of accuracy of a non-conformal finite element domain decomposition method
A,二区(电磁专业),2021,Journal of Computational Physics,Hongbo Yao,6,7,article,10.1016/j.jcp.2021.110533,Two-dimensional magnetotelluric finite element modeling by a hybrid Helmholtz-curl formulae system
A,二区(电磁专业),2022,Engineering Analysis with Boundary Elements,Zhizhong Wang,3,7,article,10.1016/j.enganabound.2022.12.005,Numerical simulation of repetitive transcranial magnetic stimulation by the smoothed finite element method
A,二区(电磁专业),2024,Engineering Analysis with Boundary Elements,Ruipeng Li,5,7,article,10.1016/j.enganabound.2024.03.017,Motor magnetic field analysis using the edge-based smooth finite element method (ES-FEM)
A,二区(电磁专业),2022,Journal of Computational Physics,Martin Campos Pinto,2,18,article,10.1016/j.jcp.2021.110912,A semi-implicit electromagnetic FEM-PIC scheme with exact energy and charge conservation
A,二区(电磁专业),2021,Computer Methods in Applied Mechanics and Engineering,Zhengliu Zhou,2,6,article,10.1016/j.cma.2021.114023,Improving convergence by optimizing the condition number of the stiffness matrices arising from least-squares finite element methods
A,二区(电磁专业),2024,Journal of Computational Physics,Jiaqing Lu,2,12,article,10.1016/j.jcp.2024.112824,A compression scheme for domain decomposition method in solving electromagnetic problems
A,二区(电磁专业),2016,Finite Elements in Analysis and Design,Dietmar Hömberg,7,69,article,10.1016/j.finel.2016.07.012,Simulation of multi-frequency-induction-hardening including phase transitions and mechanical effects
A,二区(电磁专业),2021,Engineering Analysis with Boundary Elements,Kechen Wang,3,4,article,10.1016/j.enganabound.2021.09.026,An efficient FEM-BEM solution for electromagnetic analysis of inhomogeneous objects
A,二区(电磁专业),2019,Journal of Computational Physics,Hongxin Qi,5,4,article,10.1016/j.jcp.2019.02.042,A partially staggered discontinuous Galerkin method for transient electromagnetics
A,二区(电磁专业),2019,Computer Methods in Applied Mechanics and Engineering,Simon Shaw,1,5,article,10.1016/j.cma.2019.03.025,An a priori error estimate for a temporally discontinuous Galerkin space–time finite element method for linear elasto- and visco-dynamics
A,二区(电磁专业),2025,Engineering Analysis with Boundary Elements,Zheng Lang Jia,6,5,article,10.1016/j.enganabound.2025.106324,ETC-Net: Electromagnetic-thermal co-simulation network for microstrip patch antenna arrays inspired by mutiphysics chain-of-thought
A,二区(电磁专业),2017,Journal of Computational Physics,Richard Uber,3,5,article,10.1016/j.jcp.2017.04.043,Analysis and numerical solution of transient electromagnetic scattering from two cavities
A,二区(电磁专业),2018,Finite Elements in Analysis and Design,Martin Fisk,4,49,article,10.1016/j.finel.2018.03.002,Modelling of induction hardening in low alloy steels
A,二区(电磁专业),2022,Finite Elements in Analysis and Design,E. Barkanov,5,1,article,10.1016/j.finel.2022.103792,Finite element solution of electro-magnetic-thermo-chemical problem in microwave assisted pultrusion processes
A,二区(电磁专业),2024,Engineering Analysis with Boundary Elements,Shouhong Shan,3,3,article,10.1016/j.enganabound.2024.106097,Electromagnetic-thermal coupling simulation in high temperature superconducting bulk by peridynamic differential operator
A,二区(电磁专业),2024,Engineering Analysis with Boundary Elements,Meiling Zhao,4,2,article,10.1016/j.enganabound.2024.105761,Electromagnetic scattering from arbitrarily shaped cavities coated by absorbing material filled with heterogeneous anisotropic media
A,二区(电磁专业),2017,Computer Methods in Applied Mechanics and Engineering,Marcus Hwai Yik Tan,2,23,article,10.1016/j.cma.2017.05.024,3D dimensionally reduced modeling and gradient-based optimization of microchannel cooling networks
A,二区(电磁专业),2015,Journal of Computational Physics,Kui Du,3,12,article,10.1016/j.jcp.2015.02.008,A numerical study on the stability of a class of Helmholtz problems
A,二区(电磁专业),2021,Finite Elements in Analysis and Design,Travis Ramsay,1,9,article,10.1016/j.finel.2021.103563,Multiphysics simulation of phase field interface development and geomechanical deformation in radio frequency heating of oil shale
A,二区(电磁专业),2022,Journal of Computational Physics,Yingzhe Li,1,6,article,10.1016/j.jcp.2022.111733,Energy conserving particle-in-cell methods for relativistic Vlasov–Maxwell equations of laser-plasma interaction
A,二区(电磁专业),2025,Engineering Analysis with Boundary Elements,Zhi Qiao,6,8,article,10.1016/j.enganabound.2025.106379,A partitioned modeling approach using a physics-informed neural network for PMSM
A,二区(电磁专业),2023,Engineering Analysis with Boundary Elements,Zheng Lang Jia,4,4,article,10.1016/j.enganabound.2023.07.027,Temperature-drift effect analysis of microstrip filters based on parallel high-order DGTD and FETD method with memory reduction technique
A,二区(电磁专业),2017,Finite Elements in Analysis and Design,Hong Kyoung Seong,5,13,article,10.1016/j.finel.2017.11.009,Reaction-diffusion equation based topology optimization combined with the modified conjugate gradient method
A,二区(电磁专业),2016,Journal of Computational Physics,B. Stupfel,2,3,article,10.1016/j.jcp.2016.07.015,One-way domain decomposition method with exact radiation condition and fast GMRES solver for the solution of Maxwell's equations
A,二区(电磁专业),2022,Computer Methods in Applied Mechanics and Engineering,Sangheon Lee,3,5,article,10.1016/j.cma.2022.114692,Moment method based distributed multipoles for modeling magnetic materials in 2D and 3D magnetostatics
A,二区(电磁专业),2025,Engineering Analysis with Boundary Elements,Nurkeldi Iznat,5,3,article,10.1016/j.enganabound.2025.106153,Shaping quasi-transparent nanotubes into Maximally strong EM scatterers
A,二区(电磁专业),2024,Journal of Computational Physics,Maohui Lyu,2,2,article,10.1016/j.jcp.2024.113280,Nodal discontinuous Galerkin methods for Maxwell's equations in Lorentz-Kerr-Raman medium without nonlinear algebraic solver
A,二区(电磁专业),2026,Engineering Analysis with Boundary Elements,B. Ma,4,0,article,10.1016/j.enganabound.2026.106725,An isoparametric edge-based smoothed finite element method (IES-FEM) for downhole extremely low frequency transmission in high-contrast environments
A,二区(电磁专业),2026,Journal of Computational Physics,Ke Xu,10,0,article,10.1016/j.jcp.2026.115337,A triangular-prism mesh FDTD scheme for electromagnetic modeling
A,二区(电磁专业),2025,Engineering Analysis with Boundary Elements,Abzal Aznabayev,5,0,article,10.1016/j.enganabound.2025.106483,Maximal electromagnetic coupling between arbitrary-shaped nanotubes
A,二区(电磁专业),2026,Journal of Computational Physics,Yuefan Wang,4,0,article,10.1016/j.jcp.2026.114771,A penalty-free .Ñ..(.....)-type immersed FEM for quasi-static electromagnetic interface problems with non-homogeneous jumps
A,二区(电磁专业),2025,Engineering Analysis with Boundary Elements,Jingyu Zheng,8,0,article,10.1016/j.enganabound.2025.106552,Precision-enhanced 3D magnetostatic modeling via edge-based smoothing edge elements with MVP formulation
A,二区(电磁专业),2025,Engineering Analysis with Boundary Elements,Shubo Hou,4,0,article,10.1016/j.enganabound.2025.106542,Physics-informed neural network with scaling relation for transmission performance calculation of magnetic field modulated gear
A,二区(电磁专业),2026,Journal of Computational Physics,Qixing Chen,4,0,article,10.1016/j.jcp.2026.115260,Immersed boundary method with the dynamically regularized Lagrange multiplier/time-filter scheme for oscillatory flow of levitated superalloy liquid
A,二区(电磁专业),2025,Journal of Computational Physics,Xianmin Xu,3,0,article,10.1016/j.jcp.2025.114250,A structure-preserving decoupled numerical method for Navier-Stokes-Nernst-Planck-Maxwell system
A,二区(电磁专业),2015,Computer Methods in Applied Mechanics and Engineering,Ali Vaziri Astaneh,2,28,article,10.1016/j.cma.2015.11.019,Efficient computation of dispersion curves for multilayered waveguides and half-spaces
A,二区(电磁专业),2018,Computer Methods in Applied Mechanics and Engineering,Mi Zhao,6,62,article,10.1016/j.cma.2018.01.018,Stable high-order absorbing boundary condition based on new continued fraction for scalar wave propagation in unbounded multilayer media
A,二区(电磁专业),2019,Computer Methods in Applied Mechanics and Engineering,Byungseong Ahn,5,52,article,10.1016/j.cma.2019.112582,Topology optimization of metasurfaces for anomalous reflection of longitudinal elastic waves
A,二区(电磁专业),2021,Finite Elements in Analysis and Design,Ahmed Kessemtini,3,2,article,10.1016/j.finel.2021.103692,A reduced finite element model for sound propagation in straight and slowly varying cross section ducts
A,二区(电磁专业),2023,International Journal for Numerical Methods in Engineering,Jingjuan Zhai,4,3,article,10.1002/nme.7223,Topology optimization of bi‐material shell structures in shallow sea for reducing waveguide sound radiation
A,二区(电磁专业),2022,International Journal for Numerical Methods in Engineering,Jin Ho Lee,1,3,article,10.1002/nme.7191,Consistent transmitting boundaries for time‐domain analyses of wave propagation in layered anisotropic waveguides
A,二区(电磁专业),2024,Computer Methods in Applied Mechanics and Engineering,Daniel Rabinovich,2,0,article,10.1016/j.cma.2024.117579,A symmetric finite element scheme with high-order absorbing boundary conditions for 2D waveguides
A,二区(电磁专业),2015,Finite Elements in Analysis and Design,Wenbo Duan,2,30,article,10.1016/j.finel.2015.02.008,A numerical model for the scattering of elastic waves from a non-axisymmetric defect in a pipe
A,二区(电磁专业),2018,Finite Elements in Analysis and Design,C. S. Long,4,11,article,10.1016/j.finel.2018.05.001,Numerical verification of an efficient coupled SAFE-3D FE analysis for guided wave ultrasound excitation
A,二区(电磁专业),2019,Computer Methods in Applied Mechanics and Engineering,Daniel Rabinovich,5,9,article,10.1016/j.cma.2019.02.039,Optimized first-order absorbing boundary conditions for anisotropic elastodynamics
A,二区(电磁专业),2020,International Journal for Numerical Methods in Engineering,Jin Ho Lee,1,5,article,10.1002/nme.6572,Root‐finding absorbing boundary condition for anisotropic scalar waves in infinite media
A,二区(电磁专业),2015,IEEE Transactions on Magnetics,Martin Jochum,3,22,article,10.1109/tmag.2014.2360080,A New Low-Frequency Stable Potential Formulation for the Finite-Element Simulation of Electromagnetic Fields
A,二区(电磁专业),2023,IEEE Transactions on Magnetics,Hiroyuki Kaimori,4,13,article,10.1109/tmag.2023.3304998,Low-Frequency Stabilized Formulations of Darwin Model in Time-Domain Electromagnetic Finite-Element Method
A,二区(电磁专业),2017,IEEE Transactions on Magnetics,A. Kameari,5,78,article,10.1109/tmag.2017.2743224,Cauer Ladder Network Representation of Eddy-Current Fields for Model Order Reduction Using Finite-Element Method
A,二区(电磁专业),2015,IEEE Transactions on Magnetics,W. N. Fu,4,32,article,10.1109/tmag.2015.2487362,An Electromagnetic Field and Electric Circuit Coupled Method for Solid Conductors in 3-D Finite-Element Method
A,二区(电磁专业),2019,IEEE Transactions on Magnetics,Yanpu Zhao,2,35,article,10.1109/tmag.2019.2899288,A Novel Gauged Potential Formulation for 3-D Electromagnetic Field Analysis Including Both Inductive and Capacitive Effects
A,二区(电磁专业),2015,IEEE Transactions on Magnetics,Vincenzo Cirimele,4,11,article,10.1109/tmag.2015.2490102,Finite Formulation of Surface Impedance Boundary Conditions
A,二区(电磁专业),2017,IEEE Transactions on Magnetics,S. Couture,5,12,article,10.1109/tmag.2017.2745470,Coupled Finite-Element Micromagnetic—Integral Equation Electromagnetic Simulator for Modeling Magnetization—Eddy Currents Dynamics
A,二区(电磁专业),2023,IEEE Transactions on Magnetics,Zsolt Badics,4,3,article,10.1109/tmag.2023.3244722,Finite-Element A-V Formulation for EMQS Problems via Two-Domain Continuity Gauging
A,二区(电磁专业),2019,IEEE Transactions on Magnetics,Jiacong Li,3,8,article,10.1109/tmag.2019.2923535,Massively Parallel Computation for 3-D Nonlinear Finite Edge Element Problem With Transmission Line Decoupling Technique
A,二区(电磁专业),2015,IEEE Transactions on Magnetics,Hailin Li,5,11,article,10.1109/tmag.2015.2490166,Electromagnetic-Thermal–Deformed-Fluid-Coupled Simulation for Levitation Melting of Titanium
A,二区(电磁专业),2018,IEEE Transactions on Magnetics,Wei Chen,6,16,article,10.1109/tmag.2018.2847288,Levitation Force Computation of HTS/PM System Based on $H$ -Formulation
A,二区(电磁专业),2020,IEEE Transactions on Magnetics,Jiacong Li,3,9,article,10.1109/tmag.2020.3013143,Matrix-Free Edge-Domain Decomposition Method for Massively Parallel 3-D Finite Element Simulation With Field-Circuit Coupling
A,二区(电磁专业),2019,IEEE Transactions on Magnetics,Jay Panchal,3,3,article,10.1109/tmag.2019.2950181,Multi-Axial Sliced Finite-Element Model for Toroidal Inductors
A,二区(电磁专业),2017,IEEE Transactions on Magnetics,Werner Renhart,5,1,article,10.1109/tmag.2017.2656477,Sparse Grid of Metal Strips Description Implemented Into Finite-Element Formulation
A,二区(电磁专业),2019,IEEE Transactions on Magnetics,Yanpu Zhao,2,9,article,10.1109/tmag.2019.2896647,A Symmetric Field-Circuit Coupled Formulation for 3-D Transient Full-Wave Maxwell Problems
A,二区(电磁专业),2021,IEEE Transactions on Magnetics,Hongbin Zhang,7,7,article,10.1109/tmag.2021.3138759,Electromagnetic Design of Single-Phase Permanent Magnet Linear Oscillation Actuator Considering Detent Force Minimum
A,二区(电磁专业),2017,IEEE Transactions on Magnetics,Chang-Hyun Kim,1,38,article,10.1109/tmag.2017.2728810,Robust Control of Magnetic Levitation Systems Considering Disturbance Force by LSM Propulsion Systems
A,二区(电磁专业),2022,IEEE Transactions on Magnetics,Artem Khoroshev,7,2,article,10.1109/tmag.2022.3156289,The Influence of Gauge Conditions on Process and Result of Solving 3-D Problems of Computational Electromagnetism by the Finite Element Method
A,二区(电磁专业),2019,IEEE Transactions on Magnetics,Ping Jin,6,32,article,10.1109/tmag.2019.2950389,3-D Analytical Magnetic Field Analysis of the Eddy Current Coupling With Halbach Magnets
A,二区(电磁专业),2019,IEEE Transactions on Magnetics,Jiaheng Duan,5,27,article,10.1109/tmag.2019.2894709,Analysis and Optimization of Asymmetrical Double-Sided Electrodynamic Suspension Devices
A,二区(电磁专业),2017,IEEE Transactions on Magnetics,Kleyton Hoffmann,5,27,article,10.1109/tmag.2017.2660303,A Vector Jiles–Atherton Model for Improving the FEM Convergence
A,二区(电磁专业),2019,IEEE Transactions on Magnetics,Michalis Nitas,4,19,article,10.1109/tmag.2019.2936966,Numerical Calculation of Dispersion Diagrams and Field Distributions of Waves in 3-D Periodic Split-Ring Resonator Media
A,二区(电磁专业),2015,IEEE Transactions on Magnetics,Ana Flávia Peixoto de Camargos,2,8,article,10.1109/tmag.2014.2363047,Performance Analysis of Multi-GPU Implementations of Krylov-Subspace Methods Applied to FEA of Electromagnetic Phenomena
A,二区(电磁专业),2024,IEEE Transactions on Magnetics,Leiwen Yue,6,3,article,10.1109/tmag.2024.3502443,Investigate on the Electromagnetic and Loss Characteristics of NI HTS Multi-Pancake Coil During Charging Process
A,二区(电磁专业),2017,IEEE Transactions on Magnetics,Philipp Kotter,5,22,article,10.1109/tmag.2017.2759244,Noise-Vibration-Harshness-Modeling and Analysis of a Permanent-Magnetic Disc Rotor Axial-Flux Electric Motor
A,二区(电磁专业),2019,IEEE Transactions on Magnetics,Yanpu Zhao,2,2,article,10.1109/tmag.2019.2894058,Improved Equilibrated Error Estimates for Open Boundary Magnetostatic Problems Based on Dual A and H Formulations
A,二区(电磁专业),2015,IEEE Transactions on Magnetics,Chaofeng Ye,5,31,article,10.1109/tmag.2015.2390144,Novel Transceiver Rotating Field Nondestructive Inspection Probe
A,二区(电磁专业),2017,IEEE Transactions on Magnetics,Cornelius Jäger,3,12,article,10.1109/tmag.2017.2661580,Dynamic Short-Circuit Analysis of Synchronous Machines
A,二区(电磁专业),2016,IEEE Transactions on Magnetics,V. M. Jiménez-Mondragón,5,4,article,10.1109/tmag.2016.2580528,"Nonlinear Time-Harmonic Analysis of Multiple Magnetic Field Systems: Cartesian, Axisymmetric, and Coupled Circuits"
A,二区(电磁专业),2017,IEEE Transactions on Magnetics,Yanpu Zhao,2,1,article,10.1109/tmag.2017.2681940,A Novel Gauged Vector Potential Formulation for 3-D Motional Eddy-Current Problems Using Edge Elements
A,二区(电磁专业),2024,IEEE Transactions on Magnetics,Erfan Jalali,3,3,article,10.1109/tmag.2024.3422899,Two-Dimensional Analytical Modeling for Slotless Spoke-Type Permanent Magnet Synchronous Machines Considering Ferromagnetic Parts Permeability
A,二区(电磁专业),2015,IEEE Transactions on Magnetics,Stefan Riegler,3,4,article,10.1109/tmag.2014.2360318,A Transient Current Vector Potential to Consider the Rotor Excitation of Synchronous Machines Under Short Circuit Condition
A,二区(电磁专业),2021,IEEE Transactions on Magnetics,A.A. Adly,2,4,article,10.1109/tmag.2021.3083424,Field Computation in Media Exhibiting Hysteresis Using Hopfield Neural Networks
A,二区(电磁专业),2025,IEEE Transactions on Magnetics,Yaxing Zhou,5,0,article,10.1109/tmag.2025.3616982,Magnetic Circuit Parameter Extraction by Dual Finite Element Formulations
A,二区(电磁专业),2019,IEEE Transactions on Magnetics,Riccardo Torchio,5,1,article,10.1109/tmag.2018.2889435,An Extension of Unstructured-PEEC Method to Magnetic Media
A,二区(电磁专业),2023,IEEE Transactions on Magnetics,Márcio Andrade,2,1,article,10.1109/tmag.2023.3328787,Application of the Meshless Local Radial Point Interpolation Method on Vector Eigenvalue Problems
A,二区(电磁专业),2016,IEEE Transactions on Magnetics,Jinhyun Choi,5,2,article,10.1109/tmag.2016.2527734,Mechanical Deformation and Body Force Density Due to the Generalized Korteweg–Helmholtz Force Density Method Employing the Virtual Air-Gap Scheme
A,二区(电磁专业),2026,IEEE Transactions on Magnetics,Wentao Gao,4,0,article,10.1109/tmag.2026.3701718,A Local Hybrid Method with Middle-Layer Airgap Fourier Model and FEM for Electromagnetic Performance Computation of PM Machines
A,二区(电磁专业),2026,IEEE Transactions on Magnetics,A. Ouali,4,0,article,10.1109/tmag.2026.3686939,A Novel 2-D Method for Computing End-Winding Leakage Inductance in Induction Machines
A,二区(电磁专业),2025,IEEE Transactions on Magnetics,Léonard Coutant,3,0,article,10.1109/tmag.2025.3612542,Unified Analytical Model From Radial to Axial Permanent Magnet Machine: Conical Flux Machine
A,二区(电磁专业),2020,IEEE Transactions on Magnetics,Nassif Berrabah,3,0,article,10.1109/tmag.2020.2966675,Implementation of High-Order On-Surface Radiation Boundary Conditions
A,二区(电磁专业),2026,IEEE Transactions on Magnetics,Hong Fu,6,0,article,10.1109/tmag.2026.3703065,Analytical Overactuated Current Commutation Method for Flexible Mode Suppression of Moving-Magnet Planar Motors
A,二区(电磁专业),2015,Computer Methods in Applied Mechanics and Engineering,M. Sheikholeslami,3,334,article,10.1016/j.cma.2015.06.010,Effect of non-uniform magnetic field on forced convection heat transfer of Fe3O4 –water nanofluid
A,二区(电磁专业),2018,Computer Methods in Applied Mechanics and Engineering,Zhixiong Li,5,77,article,10.1016/j.cma.2018.04.023,Control volume finite element method for nanofluid MHD natural convective flow inside a sinusoidal annulus under the impact of thermal radiation
A,二区(电磁专业),2024,Engineering Analysis with Boundary Elements,Zhilong Jiang,4,40,article,10.1016/j.enganabound.2024.02.021,Assessment of the edge-based smoothed finite element method for dynamic analysis of the multi-phase magneto-electro-elastic structures
A,二区(电磁专业),2022,Computer Methods in Applied Mechanics and Engineering,Carolin Birk,3,10,article,10.1016/j.cma.2022.115362,Magnetostatic simulations with consideration of exterior domains using the scaled boundary finite element method
A,二区(电磁专业),2017,Journal of Computational Physics,Melanie Basting,2,7,article,10.1016/j.jcp.2017.02.051,An FCT finite element scheme for ideal MHD equations in 1D and 2D
A,二区(电磁专业),2022,Computer Methods in Applied Mechanics and Engineering,Gang Wang,4,6,article,10.1016/j.cma.2021.114566,Transcranial stimulation analysis using the smoothed finite element method
A,二区(电磁专业),2021,Engineering Analysis with Boundary Elements,Liming Zhou,7,33,article,10.1016/j.enganabound.2021.11.002,On the static analysis of inhomogeneous magneto-electro-elastic plates in thermal environment via element-free Galerkin method
B,一区,2017,International Journal of Mechanical Sciences,Li She,3,24,article,10.1016/j.ijmecsci.2017.10.018,Multi-physics analysis of electromagnetic forming process using an edge-based smoothed finite element method
B,一区,2016,Journal of Materials Processing Technology,Xiaohui Cui,6,58,article,10.1016/j.jmatprotec.2016.06.004,Large-scale sheet deformation process by electromagnetic incremental forming combined with stretch forming
B,一区,2018,Journal of Materials Processing Technology,Evandro Paese,5,52,article,10.1016/j.jmatprotec.2018.08.033,"Sheet metal electromagnetic forming using a flat spiral coil: Experiments, modeling, and validation"
B,一区,2016,Journal of Materials Processing Technology,Hyeonil Park,6,36,article,10.1016/j.jmatprotec.2016.04.023,Effect of an aluminum driver sheet on the electromagnetic forming of DP780 steel sheet
B,一区,2021,Journal of Materials Processing Technology,Zhihao Du,8,40,article,10.1016/j.jmatprotec.2021.117340,Springback control and large skin manufacturing by high-speed vibration using electromagnetic forming
B,一区,2016,Journal of Materials Processing Technology,Xiaohui Cui,7,36,article,10.1016/j.jmatprotec.2016.02.013,Incremental electromagnetic-assisted stamping (IEMAS) with radial magnetic pressure: A novel deep drawing method for forming aluminum alloy sheets
B,一区,2018,Journal of Materials Processing Technology,Hongwei Li,6,28,article,10.1016/j.jmatprotec.2018.01.024,Analysis of forming defects in electromagnetic incremental forming of a large-size thin-walled ellipsoid surface part of aluminum alloy
B,一区,2017,International Journal of Mechanical Sciences,Hui Feng,3,28,article,10.1016/j.ijmecsci.2017.05.003,Coupled-field simulation of electromagnetic tube forming process using a stable nodal integration method
B,一区,2017,Journal of Materials Processing Technology,Li She,4,20,article,10.1016/j.jmatprotec.2017.01.028,An electromagnetic forming analysis modelling using nodal integration axisymmetric thin shell
B,一区,2017,Journal of Materials Processing Technology,Alexander V. Mamutov,3,13,article,10.1016/j.jmatprotec.2017.11.050,Experimental-analytical method of analyzing performance of coils for electromagnetic forming and joining operations
B,一区,2026,Journal of Materials Processing Technology,Hanpeng Wang,5,0,article,10.1016/j.jmatprotec.2026.119291,Reducing wrinkling and springback while improving the forming height of 7075 aluminum alloy outer edge flanging parts by electromagnetic-driven forming
B,一区,2016,Materials & Design,Slim Naifar,5,15,article,10.1016/j.matdes.2016.02.065,Investigation of the magnetostrictive effect in a terfenol-D plate under a non-uniform magnetic field by atomic force microscopy
B,一区,2020,International Journal of Mechanical Sciences,Ryan Stampfli,2,22,article,10.1016/j.ijmecsci.2020.105573,Multiphysics computational analysis of multiferroic composite ring structures
B,一区,2016,IEEE Transactions on Industrial Electronics,Fu Lin,4,273,article,10.1109/tie.2016.2593683,"Modeling and Analysis of Electromagnetic Force, Vibration, and Noise in Permanent-Magnet Synchronous Motor Considering Current Harmonics"
B,一区,2018,IEEE Transactions on Industrial Electronics,Wenzhe Deng,2,72,article,10.1109/tie.2018.2821110,Comparative Study of Sideband Electromagnetic Force in Internal and External Rotor PMSMs With SVPWM Technique
B,一区,2015,IEEE Transactions on Industrial Electronics,Wenxiang Zhao,6,171,article,10.1109/tie.2015.2499165,Design and Analysis of a Linear Permanent- Magnet Vernier Machine With Improved Force Density
B,一区,2023,IEEE Transactions on Industrial Electronics,Zezhi Xing,3,33,article,10.1109/tie.2023.3243298,Fast Calculation of Electromagnetic Vibration of Surface-Mounted PMSM Considering Teeth Saturation and Tangential Electromagnetic Force
B,一区,2018,IEEE Transactions on Industrial Electronics,Feng Chai,4,111,article,10.1109/tie.2018.2880707,Analysis of Radial Vibration Caused by Magnetic Force and Torque Pulsation in Interior Permanent Magnet Synchronous Motors Considering Air-Gap Deformations
B,一区,2017,IEEE Transactions on Industrial Electronics,Seun Guy Min,3,54,article,10.1109/tie.2017.2762627,Analytical Modeling and Optimization for Electromagnetic Performances of Fractional-Slot PM Brushless Machines
B,一区,2018,IEEE Transactions on Industrial Electronics,Hind Chit Dirani,5,48,article,10.1109/tie.2018.2814021,Impact of Real Air-Gap Nonuniformity on the Electromagnetic Forces of a Large Hydro-Generator
B,一区,2021,IEEE Transactions on Industrial Electronics,Peixin Wang,5,69,article,10.1109/tie.2021.3068674,Principle of Flux-Switching PM Machine by Magnetic Field Modulation Theory Part II: Electromagnetic Torque Generation
B,一区,2022,IEEE Transactions on Industrial Electronics,Yang Lu,3,42,article,10.1109/tie.2022.3152021,A Hybrid Calculation Method of Electromagnetic Vibration for Electrical Machines Considering High-Frequency Current Harmonics
B,一区,2024,Mechanical Systems and Signal Processing,Shuzhe Zhou,5,41,article,10.1016/j.ymssp.2024.111695,A two-degree-of-freedom nonlinear electromagnetic energy harvester in rotational motion
B,一区,2022,Mechanical Systems and Signal Processing,Weiwei Huang,4,37,article,10.1016/j.ymssp.2022.109304,"Modeling, design and control of normal-stressed electromagnetic actuated fast tool servos"
B,一区,2021,IEEE Transactions on Industrial Electronics,Wenzhe Deng,2,32,article,10.1109/tie.2021.3078388,Analysis of the Sideband Electromagnetic Noise in Permanent Magnet Synchronous Motors Generated by Rotor Position Error
B,一区,2019,IEEE Transactions on Industrial Electronics,Xuzhen Huang,7,58,article,10.1109/tie.2019.2892704,Detent-Force Minimization of Double-Sided Permanent Magnet Linear Synchronous Motor by Shifting One of the Primary Components
B,一区,2019,IEEE Transactions on Industrial Electronics,Shengnan Wu,5,48,article,10.1109/tie.2019.2959501,Electromagnetic Vibration Analysis of High-Speed Permanent Magnet Synchronous Machines With Amorphous Metal Stator Cores Considering Current Harmonics
B,一区,2019,IEEE Transactions on Industrial Electronics,Shanming Wang,5,45,article,10.1109/tie.2019.2939980,Filling Force Valley With Interpoles for Pole-Frequency Vibration Reduction in Surface-Mounted PM Synchronous Machines
B,一区,2016,IEEE Transactions on Industrial Electronics,Yasemin Öner,6,154,article,10.1109/tie.2016.2532285,Analytical On-Load Subdomain Field Model of Permanent-Magnet Vernier Machines
B,一区,2023,IEEE Transactions on Industrial Electronics,Lei Yao,4,29,article,10.1109/tie.2023.3250755,Fast Prediction and Staged Optimization of Electromagnetic Vibration in Permanent Magnet Synchronous Motor
B,一区,2019,IEEE Transactions on Industrial Electronics,Wenxiang Zhao,5,145,article,10.1109/tie.2019.2893848,Multiobjective Optimization of a Double-Side Linear Vernier PM Motor Using Response Surface Method and Differential Evolution
B,一区,2022,Mechanical Systems and Signal Processing,Minghui Yao,5,36,article,10.1016/j.ymssp.2022.108831,Dynamic analysis and design of power management circuit of the nonlinear electromagnetic energy harvesting device for the automobile suspension
B,一区,2015,IEEE Transactions on Industrial Electronics,Bo Zhang,4,157,article,10.1109/tie.2015.2500194,Development of a Yokeless and Segmented Armature Axial Flux Machine
B,一区,2023,IEEE Transactions on Industrial Electronics,Wenxiang Zhao,5,28,article,10.1109/tie.2023.3262876,Investigation of Winding Configuration on Electromagnetic Vibration in Modular Dual Three-Phase PM Machine
B,一区,2023,IEEE Transactions on Industrial Electronics,Wenxiang Zhao,5,10,article,10.1109/tie.2023.3292871,A Novel Discrete EMN for Electromagnetic Force and Vibration Computation of SPM Machine Considering Carrier Harmonics
B,一区,2018,IEEE Transactions on Industrial Electronics,Xuzhen Huang,6,51,article,10.1109/tie.2018.2860526,Electromagnetic and Thrust Characteristics of Double-sided Permanent Magnet Linear Synchronous Motor Adopting Staggering Primaries Structure
B,一区,2016,IEEE Transactions on Industrial Electronics,Hao Hua,3,136,article,10.1109/tie.2016.2559447,Novel Consequent-Pole Hybrid Excited Machine with Separated Excitation Stator
B,一区,2017,IEEE Transactions on Industrial Electronics,Ahmed Abdelrahman,3,119,article,10.1109/tie.2017.2777412,"Hyperloop Transportation System: Analysis, Design, Control, and Implementation"
B,一区,2016,IEEE Transactions on Industrial Electronics,Baoquan Kou,4,99,article,10.1109/tie.2016.2581142,Modeling and Analysis of a Novel Transverse-Flux Flux-Reversal Linear Motor for Long-Stroke Application
B,一区,2016,IEEE Transactions on Industrial Electronics,Shuanglong Wu,6,70,article,10.1109/tie.2016.2645502,Vibroacoustic Prediction and Mechanism Analysis of Claw Pole Alternators
B,一区,2019,IEEE Transactions on Industrial Electronics,Hui Yang,6,131,article,10.1109/tie.2019.2931494,A Novel Hybrid-Magnetic-Circuit Variable Flux Memory Machine
B,一区,2019,IEEE Transactions on Power Electronics,Yajun Lv,5,22,article,10.1109/tpel.2019.2960568,Permeance Distribution Function: A Powerful Tool to Analyze Electromagnetic Forces Induced by PWM Current Harmonics in Multiphase Surface Permanent-Magnet Motors
B,一区,2023,IEEE Transactions on Industrial Electronics,Guohai Liu,3,13,article,10.1109/tie.2023.3239778,Unequal Stator Modulated Teeth Structure to Reduce Electromagnetic Vibration in Permanent Magnet Vernier Machine
B,一区,2019,IEEE Transactions on Industrial Electronics,Ruiwu Cao,4,119,article,10.1109/tie.2019.2892676,Comparison Between Linear Induction Motor and Linear Flux-Switching Permanent-Magnet Motor for Railway Transportation
B,一区,2020,IEEE Transactions on Industrial Electronics,Peipei Du,5,14,article,10.1109/tie.2020.2992957,Interior Ballistic Characteristics of Electromagnetic Rail Launcher Considering the Dynamic Characteristics of Real Launcher
B,一区,2019,IEEE Transactions on Industrial Electronics,Shanming Wang,4,89,article,10.1109/tie.2019.2927175,Effect Comparison of Zigzag Skew PM Pole and Straight Skew Slot for Vibration Mitigation of PM Brush DC Motors
B,一区,2019,IEEE Transactions on Industrial Electronics,Zhuoran Zhang,3,97,article,10.1109/tie.2019.2944033,Design and Optimization of Halbach-Array PM Rotor for High-Speed Axial-Flux Permanent Magnet Machine With Ironless Stator
B,一区,2016,IEEE Transactions on Industrial Electronics,Gang Lv,4,101,article,10.1109/tie.2016.2565442,Investigation of Forces and Secondary Losses in Linear Induction Motor With the Solid and Laminated Back Iron Secondary for Metro
B,一区,2025,IEEE Transactions on Industrial Electronics,Jinwen Du,7,4,article,10.1109/tie.2025.3539378,Analysis of Dominant Electromagnetic Force Harmonics in External-Rotor SPM Machine Considering Tangential Force
B,一区,2024,IEEE Transactions on Industrial Electronics,Jianfeng Hong,4,8,article,10.1109/tie.2024.3398665,A Comprehensive Investigation of Tangential Force and Radial Force in PM Motor
B,一区,2022,IEEE Transactions on Industrial Electronics,Jae-Hyun Kim,4,61,article,10.1109/tie.2022.3181418,Comparative Study of Vibration on 10-Pole 12-Slot and 14-Pole 12-Slot PMSM Considering Tooth Modulation Effect
B,一区,2017,IEEE Transactions on Industrial Electronics,Yiming Shen,6,83,article,10.1109/tie.2017.2696492,Analysis of a Novel Double-Sided Yokeless Multitooth Linear Switched-Flux PM Motor
B,一区,2022,IEEE Transactions on Industrial Electronics,Li Yu,5,12,article,10.1109/tie.2022.3225808,Reduction of Cross-Coupling for Bearingless Doubly Salient Electromagnetic Motor Using Nonsynchronous Rotating Coordinate Transformation
B,一区,2017,IEEE Transactions on Industrial Electronics,Zhijian Ling,4,70,article,10.1109/tie.2017.2740820,Design Optimization and Test of a Radially Magnetized Magnetic Screw With Discretized PMs
B,一区,2017,IEEE Transactions on Industrial Electronics,Kai Wang,4,77,article,10.1109/tie.2017.2669888,Optimum Injected Harmonics Into Magnet Shape in Multiphase Surface-Mounted PM Machine for Maximum Output Torque
B,一区,2021,IEEE Transactions on Industrial Electronics,Guangtong Ma,6,37,article,10.1109/tie.2021.3097600,An Analytical-Experiment Coupling Method to Characterize the Electrodynamic Suspension System at Various Speeds
B,一区,2015,IEEE Transactions on Industrial Electronics,Jingang Bai,5,125,article,10.1109/tie.2014.2381159,Characteristic Analysis and Verification of the Magnetic-Field-Modulated Brushless Double-Rotor Machine
B,一区,2016,Mechanical Systems and Signal Processing,Yuanping Xu,4,52,article,10.1016/j.ymssp.2016.06.009,Active magnetic bearings dynamic parameters identification from experimental rotor unbalance response
B,一区,2024,IEEE Transactions on Industrial Electronics,Wei Chen,5,4,article,10.1109/tie.2024.3515279,Suspension Force Control for High-Speed Bearingless Doubly Salient Electromagnetic Motor Considering Advanced Angle and Commutation
B,一区,2024,IEEE Transactions on Industrial Electronics,Yiming Shen,5,59,article,10.1109/tie.2023.3344854,Quantitative Analysis of Asymmetric Flux Reversal Permanent Magnet Linear Machine for Long Excursion Application
B,一区,2018,IEEE Transactions on Industrial Electronics,Paulo Roberto Eckert,4,44,article,10.1109/tie.2018.2818656,Dual Quasi-Halbach Linear Tubular Actuator With Coreless Moving-Coil for Semiactive and Active Suspension
B,一区,2022,IEEE Transactions on Industrial Electronics,Peng Liu,3,7,article,10.1109/tie.2022.3203676,Demarcation Method for Magnetostatic Model of Long-Stroke Moving-Iron Proportional Electromagnetic Actuator
B,一区,2019,IEEE Transactions on Industrial Electronics,Neethu S.,5,63,article,10.1109/tie.2019.2931503,Performance Comparison Between PCB-Stator and Laminated-Core-Stator-Based Designs of Axial Flux Permanent Magnet Motors for High-Speed Low-Power Applications
B,一区,2020,IEEE Transactions on Industrial Electronics,Jun Luo,5,39,article,10.1109/tie.2020.2994888,"Development, Design, and Analysis of a Dual-Consequent-Pole Transverse Flux Linear Machine for Direct-Drive Applications"
B,一区,2018,IEEE Transactions on Industrial Electronics,J. Li,5,79,article,10.1109/tie.2018.2835417,Elimination of Even-Order Harmonics and Unipolar Leakage Flux in Consequent-Pole PM Machines by Employing N-S-Iron–S-N-Iron Rotor
B,一区,2018,IEEE Transactions on Industrial Electronics,Wu Su,4,10,article,10.1109/tie.2018.2868285,The DMCM-Based Analytical Calculation of Radial Vibration Force in a Nonsalient Pole Synchronous Generator in No-Load Conditions
B,一区,2018,IEEE Transactions on Industrial Electronics,Gang Lv,3,35,article,10.1109/tie.2018.2795525,Influence of the Ladder-Slit Secondary on Reducing the Edge Effect and Transverse Forces in the Linear Induction Motor
B,一区,2018,IEEE Transactions on Industrial Electronics,Yi Du,7,67,article,10.1109/tie.2018.2838060,Principle and Analysis of Doubly Salient PM Motor With Π-Shaped Stator Iron Core Segments
B,一区,2018,IEEE Transactions on Industrial Electronics,Kai Wang,4,85,article,10.1109/tie.2018.2877165,Novel Hybrid-Pole Rotors for Consequent-Pole PM Machines Without Unipolar Leakage Flux
B,一区,2017,IEEE Transactions on Industrial Electronics,Chenyin Zhao,2,44,article,10.1109/tie.2017.2682018,Design and Analysis of a Novel Bearingless Flux-Switching Permanent Magnet Motor
B,一区,2018,IEEE Transactions on Industrial Electronics,Hengliang Zhang,3,58,article,10.1109/tie.2018.2803724,Modular Spoke-Type Permanent-Magnet Machine for In-Wheel Traction Applications
B,一区,2023,IEEE Transactions on Industrial Electronics,Yongzhi Jing,6,5,article,10.1109/tie.2023.3273245,Gap Self-Sensing Method for Maglev System Using Partial Electromagnet Coil
B,一区,2024,IEEE Transactions on Industrial Electronics,Qing Li,6,5,article,10.1109/tie.2024.3404120,Investigation and Suppression of Electromagnetic Vibration of Permanent Magnet Homopolar Inductor Machine
B,一区,2017,IEEE Transactions on Power Electronics,Qingsong Wang,2,42,article,10.1109/tpel.2017.2704103,"Design, Modeling, and Control of a Novel Hybrid-Excited Flux-Bidirectional-Modulated Generator-Based Wind Power Generation System"
B,一区,2015,IEEE Transactions on Industrial Electronics,Wei Hua,5,48,article,10.1109/tie.2015.2497660,Comparative Study of Switched Reluctance Machines With Half-and Full-Teeth-Wound Windings
B,一区,2018,IEEE Transactions on Industrial Electronics,Wenxiang Zhao,4,38,article,10.1109/tie.2018.2856203,Improvement of Power Factor in a Double-Side Linear Flux-Modulation Permanent-Magnet Motor for Long Stroke Applications
B,一区,2018,IEEE Transactions on Industrial Electronics,Honghui Wen,2,44,article,10.1109/tie.2018.2885725,Unified Analysis of Induction Machine and Synchronous Machine Based on the General Airgap Field Modulation Theory
B,一区,2024,Mechanical Systems and Signal Processing,Chuchao Wang,7,4,article,10.1016/j.ymssp.2024.111706,Theoretical modeling and performance analysis on the linear electromagnetic actuator with high nonlinear dynamic negative stiffness
B,一区,2018,IEEE Transactions on Industrial Electronics,Xing Zhao,2,29,article,10.1109/tie.2018.2863217,Development of a Novel Transverse Flux Tubular Linear Machine With Parallel and Complementary PM Magnetic Circuit for Precision Industrial Processing
B,一区,2018,IEEE Transactions on Industrial Electronics,Hui Yang,4,48,article,10.1109/tie.2018.2823703,Comparative Study of Hybrid PM Memory Machines Having Single- and Dual-Stator Configurations
B,一区,2020,IEEE Transactions on Industrial Electronics,Guohai Liu,4,33,article,10.1109/tie.2020.2973888,Analysis and Evaluation of a Linear Primary Permanent Magnet Vernier Machine With Multiharmonics
B,一区,2020,IEEE Transactions on Industrial Electronics,Yu Zhou,2,37,article,10.1109/tie.2020.2973899,Analytical Method for Calculating the Magnetic Field of Spoke-Type Permanent Magnet Machines Accounting for Eccentric Magnetic Pole
B,一区,2020,IEEE Transactions on Industrial Electronics,Xiaobao Yang,4,30,article,10.1109/tie.2020.2984422,A Novel Dual-Consequent-Pole Transverse Flux Motor and Its Analytical Modeling
B,一区,2019,IEEE Transactions on Industrial Electronics,Huayang Li,3,53,article,10.1109/tie.2019.2934064,Comparative Analysis of Flux Reversal Permanent Magnet Machines With Toroidal and Concentrated Windings
B,一区,2018,IEEE Transactions on Industrial Electronics,Zhiqiang Zeng,2,40,article,10.1109/tie.2017.2786205,Investigation of Novel Partitioned-Primary Hybrid-Excited Flux-Switching Linear Machines
B,一区,2022,IEEE Transactions on Industrial Electronics,Hao Jiang,4,21,article,10.1109/tie.2022.3222595,Multiparameter Identification for Active Magnetic Bearing With Uncertainties Based on a Coupled Nonlinear Model
B,一区,2021,IEEE Transactions on Industrial Electronics,Feng Liu,5,32,article,10.1109/tie.2021.3118413,Analysis and Research on No-Load Air Gap Magnetic Field and System Multiobjective Optimization of Interior PM Motor
B,一区,2018,IEEE Transactions on Industrial Electronics,Jingang Bai,4,41,article,10.1109/tie.2018.2842739,"Design and Analysis of a Magnetic-Field Modulated Brushless Double-Rotor Machine—Part I: Pole Pair Combination of Stator, PM Rotor and Magnetic Blocks"
B,一区,2019,IEEE Transactions on Industrial Electronics,J. Li,3,52,article,10.1109/tie.2019.2922922,Flux-Focusing Permanent Magnet Machines With Modular Consequent-Pole Rotor
B,一区,2020,IEEE Transactions on Industrial Electronics,Zhangqi Liu,5,23,article,10.1109/tie.2020.3005108,DC-Field Excitation Variable Flux Reluctance Starter Generator With Modular Structure for Fault-Tolerant Capability Improvement
B,一区,2023,IEEE Transactions on Industrial Electronics,Xifang Zhao,5,29,article,10.1109/tie.2023.3236099,A Novel Separated Hybrid-Magnetic-Circuit Variable Flux Memory Machine
B,一区,2019,IEEE Transactions on Industrial Electronics,Fang Gao,3,30,article,10.1109/tie.2019.2931241,Analytical Modeling of 3-D Magnetic Field and Performance in Magnetic Lead Screws Accounting for Magnetization Pattern
B,一区,2018,IEEE Transactions on Industrial Electronics,L. F. Zhang,4,30,article,10.1109/tie.2018.2886797,Multiphase PM Machines With Halbach Array Considering Third Harmonic Flux Density
B,一区,2021,IEEE Transactions on Industrial Electronics,Diogo E. Pinto,5,23,article,10.1109/tie.2021.3097607,Vibration Analysis of Delta-Connected PMSMs Using Lookup Table-Based Models—Influence of the 0-Sequence Component
B,一区,2022,IEEE Transactions on Industrial Electronics,Qingwen Ge,5,23,article,10.1109/tie.2022.3158025,Harmonic Magnetic Field Analysis Method and Modeling of Double-Sided Air-Cored Superconducting Linear Synchronous Motor for EDS Train
B,一区,2025,IEEE Transactions on Industrial Electronics,Yiming Shen,5,18,article,10.1109/tie.2025.3563678,Design and Evaluation of Dual Excitation Permanent Magnet Linear Machine With Optimal Utilization of Extended Working Harmonics
B,一区,2024,IEEE Transactions on Industrial Electronics,Yiming Shen,7,14,article,10.1109/tie.2024.3406882,Investigation and Comparative Study of Double-Sided Yokeless Asymmetric Flux Reversal Permanent Magnet Linear Machine
B,一区,2021,IEEE Transactions on Industrial Electronics,Hang Yin,4,13,article,10.1109/tie.2021.3088371,Improved Open-Circuit Airgap Field Model for FSCW-STPM Machines Considering PM-MMF Fluctuation
B,一区,2021,IEEE Transactions on Industrial Electronics,Jiabei Zhu,2,16,article,10.1109/tie.2021.3068665,Winding Configurations and Pole/Tooth Combinations of Doubly-Fed Flux-Switching Permanent Magnet Machines
B,一区,2018,IEEE Transactions on Industrial Electronics,Jingang Bai,4,22,article,10.1109/tie.2018.2842736,Design and Analysis of a Magnetic-Field Modulated Brushless Double-Rotor Machine—Part II: Winding Configuration
B,一区,2023,IEEE Transactions on Industrial Electronics,Quanfeng Li,4,17,article,10.1109/tie.2023.3243285,Vibro-Inertance Matrix Supported OCF Characteristics Analysis of PMSM Under Multiple Operating Conditions for EV
B,一区,2023,IEEE Transactions on Power Electronics,Yue Ma,4,10,article,10.1109/tpel.2023.3309378,A Novel Direct-Drive Rotary–Linear Machine and Ripple Reduction by Harmonic Current Injection Approach
B,一区,2023,IEEE Transactions on Industrial Electronics,Kaikai Guo,2,9,article,10.1109/tie.2023.3337489,Design and Optimization of Linear Rotary Drilling Motor
B,一区,2021,Mechanical Systems and Signal Processing,Mohsen Amjadian,4,16,article,10.1016/j.ymssp.2021.108479,Experimental testing and validation of the dynamic model of a magneto-solid damper for vibration control
B,一区,2021,IEEE Transactions on Industrial Electronics,Lujia Xie,6,14,article,10.1109/tie.2021.3060653,Analysis and Suppression Techniques of Helical Motion Coupling Effect for the 2DoF Direct Drive Induction Machine
B,一区,2021,IEEE Transactions on Industrial Electronics,Zebin Yang,4,19,article,10.1109/tie.2021.3128900,Design and Analysis of a Three-Speed Wound Bearingless Induction Motor
B,一区,2020,IEEE Transactions on Industrial Electronics,Wei Xu,5,6,article,10.1109/tie.2020.2978686,No-Load Performance Analysis of an Asymmetric-Pole Single-Phase Doubly Salient Permanent Magnet Machine
B,一区,2022,IEEE Transactions on Industrial Electronics,Jikai Si,6,13,article,10.1109/tie.2022.3222612,Analytical Modeling of Slotless Axial Flux Permanent Magnet Motor With Equidirectional Toroidal Winding
B,一区,2024,IEEE Transactions on Industrial Electronics,Haorui Ge,5,5,article,10.1109/tie.2024.3468630,Vibration Synthesis of Permanent Magnet Synchronous Machines Considering Simply Supported Constraints and Tooth Modulations
B,一区,2018,IEEE Transactions on Industrial Electronics,Zongsheng Zhang,4,7,article,10.1109/tie.2018.2881942,Novel Decoupling Modular Permanent Magnet Flux-Switching Linear Motor
C,一区,2019,Energy Conversion and Management,Wei Han,3,30,article,10.1016/j.enconman.2019.05.093,All-utensil domestic induction heating system
C,一区,2018,Applied Thermal Engineering,Wenwen Liu,5,25,article,10.1016/j.applthermaleng.2018.09.043,Analysis of the induction heating efficiency and thermal energy conversion ability under different electromagnetic stick structures in the RPECT
C,一区,2016,Applied Thermal Engineering,Yi Han,3,43,article,10.1016/j.applthermaleng.2016.01.161,Study on electromagnetic heating process of heavy-duty sprockets with circular coils and profile coils
C,一区,2023,Applied Thermal Engineering,Xuecheng Fu,5,16,article,10.1016/j.applthermaleng.2023.121025,Heat generation and transfer simulation of a high temperature heat pipe under induction heating based on a coupled model
C,一区,2020,Applied Thermal Engineering,Iulen Cabeza‐Gil,6,21,article,10.1016/j.applthermaleng.2020.115789,Thermal analysis of a cooking pan with a power control induction system
C,一区,2017,International Journal of Heat and Mass Transfer,Wenwen Liu,4,21,article,10.1016/j.ijheatmasstransfer.2017.12.050,Analysis of the thermal-mechanical problem in the process of flexible roll profile electromagnetic control
C,一区,2023,Applied Thermal Engineering,Ping Yang,3,4,article,10.1016/j.applthermaleng.2023.121516,Heat behavior and axial temperature distribution of a Ti-6Al-4V alloy in a superconducting induction heater with a controllable magnet structure
C,一区,2026,Applied Thermal Engineering,Qin Xiaofeng,8,0,article,10.1016/j.applthermaleng.2026.130394,Research on mobile induction heating of rolls based on magnetic-heat coupling finite element method
C,一区,2018,International Journal of Heat and Mass Transfer,Zujun Peng,3,9,article,10.1016/j.ijheatmasstransfer.2018.11.027,A novel approach to temperature-dependent thermal contact conductance during transient isothermal cooling
C,一区,2021,Applied Thermal Engineering,Maedeh Amirpour,6,55,article,10.1016/j.applthermaleng.2021.116710,Coupled electromagnetic-thermal analysis of roadway inductive power transfer pads within a model pavement
C,一区,2017,Energy Conversion and Management,Sam Yang,3,15,article,10.1016/j.enconman.2017.12.025,Thermal management of a notional all-electric ship electromagnetic launcher
C,一区,2022,International Journal of Heat and Mass Transfer,Tao Sun,6,24,article,10.1016/j.ijheatmasstransfer.2022.122568,Design of thermal cloak and concentrator with interconnected structure
C,一区,2022,International Journal of Heat and Mass Transfer,Zhang Bao,5,17,article,10.1016/j.ijheatmasstransfer.2022.123267,Modelling of magneto-electro-thermo-mechanical coupled behavior of the lubricating liquid film for the electromagnetic launch
C,一区,2021,Energy,Xiaoyu Jia,5,53,article,10.1016/j.energy.2021.121788,Numerical study on temperature rise and mechanical properties of winding in oil-immersed transformer
C,一区,2024,Applied Thermal Engineering,Mohsen Broumand,3,14,article,10.1016/j.applthermaleng.2024.122802,A novel phase change material-based thermal management of electric machine windings enabled by additive manufacturing
C,一区,2024,Applied Thermal Engineering,Shuai Zhang,10,15,article,10.1016/j.applthermaleng.2024.124047,Investigation on electromagnetic and heat transfer coupling of heating susceptor for selective microwave hybrid soldering: 3D multi-physics simulation and experiment
C,一区,2025,Energy,Lei Shi,9,4,article,10.1016/j.energy.2025.136842,Electromagnetically induced in situ catalytic methanol steam reforming for hydrogen production
C,一区,2025,International Journal of Heat and Mass Transfer,Xu Huang,4,7,article,10.1016/j.ijheatmasstransfer.2025.126738,Silicon cylinders hollowed for nonreciprocal thermal radiation under a magnetic field of 1 T
C,一区,2017,Energy,Mostafa Jafari,2,5,article,10.1016/j.energy.2017.02.016,Thermal survey of core losses in permanent magnet micro-motor
C,一区,2020,International Journal of Heat and Mass Transfer,Wenchao Duan,5,33,article,10.1016/j.ijheatmasstransfer.2020.120353,Simulation on DC casting of magnesium alloy under out-of-phase pulsed magnetic field with different coil connection strategies
C,一区,2023,Energy,Dong‐Min Kim,4,10,article,10.1016/j.energy.2023.129053,Analytical temperature estimation process of the air supply system of the proton exchange membrane fuel cell stack in fuel cell electric vehicles
C,一区,2025,International Journal of Heat and Mass Transfer,M. R. Pratt,3,3,article,10.1016/j.ijheatmasstransfer.2025.126733,Modeling of thermal enhancement and scaling analysis for omnidirectional magnetic field generator to actively detumble space debris
C,一区,2017,Energy,Deepak Arumugam,3,6,article,10.1016/j.energy.2017.05.132,Improved performance of integrated generator systems with claw pole alternator for aircraft applications
C,一区,2026,Applied Thermal Engineering,Limin Wu,7,1,article,10.1016/j.applthermaleng.2026.130443,Multi-field coupling modeling of opposed-piston free-piston engine generator and model modification based on experimental data and numerical finite element iterative calculation
C,一区,2024,International Journal of Heat and Mass Transfer,Liangliang Shen,5,11,article,10.1016/j.ijheatmasstransfer.2024.125846,Temporal spatial transfer characteristics and cross-scale fusion behavior mechanism of interface temperature in induction welding of plain carbon fiber polyphenylene sulfide
C,一区,2026,Applied Thermal Engineering,Yiping Sun,7,5,article,10.1016/j.applthermaleng.2026.129851,Absorption and photothermal conversion analysis of metamaterial solar absorber based on double Ni rings
C,一区,2021,Energy Conversion and Management,Panagiotis Stamatopoulos,6,6,article,10.1016/j.enconman.2020.113819,Introducing a 1D numerical model for the simulation of PN junctions of varying spectral material properties and operating conditions
C,一区,2025,International Journal of Heat and Mass Transfer,Jianzhou Xu,7,4,article,10.1016/j.ijheatmasstransfer.2025.127390,Numerical analysis of arc swing behavior in AC-assisted twin-wire arc process
C,一区,2026,International Journal of Heat and Mass Transfer,Wenkun Peng,3,1,article,10.1016/j.ijheatmasstransfer.2026.128546,Dynamical modulation for graphene-based highly nonreciprocal emitter with TE-four/TM-ten bands
C,一区,2026,International Journal of Heat and Mass Transfer,Kai Ling,3,0,article,10.1016/j.ijheatmasstransfer.2026.129012,Lattice Boltzmann method for coupled electromagnetic-thermal-fluid modeling of superconductors in cryogenic fluids
C,一区,2026,Applied Thermal Engineering,Jorge Munguia-Chavez,6,0,article,10.1016/j.applthermaleng.2026.130858,Numerical study of steel dynamics and heat transfer during electromagnetic stirring in the ladle furnace with different coil shape designs
C,一区,2026,Energy,Dazhi Li,7,0,article,10.1016/j.energy.2026.140468,A fast AC loss calculation method for high temperature superconducting magnetic energy storage magnet via critical state driven current identification
C,一区,2017,Applied Thermal Engineering,Jianhui Zhao,6,79,article,10.1016/j.applthermaleng.2017.05.117,Different boost voltage effects on the dynamic response and energy losses of high-speed solenoid valves
C,一区,2024,Applied Thermal Engineering,Chang Liu,7,24,article,10.1016/j.applthermaleng.2024.124941,Research on comprehensive heat dissipation characteristics of AlSi7Mg TPMS heat sinks manufactured by laser powder bed fusion
C,一区,2024,Applied Energy,Yibo Wang,6,16,article,10.1016/j.apenergy.2024.124181,Design and analysis of a multi-segment multi-permeability core for EV wireless charging with enhanced efficiency and thermal performances
C,一区,2025,Applied Energy,Yang Kuang,3,1,article,10.1016/j.apenergy.2025.126665,"Design, modelling and field test of a track-borne magnetic field energy harvester for electrified railways"
C,一区,2022,Energy Conversion and Management,Bo Fan,6,53,article,10.1016/j.enconman.2022.116319,Bionic flutter wing piezoelectric-electromagnetic composite energy harvesting system
C,一区,2022,Energy,Wei Wang,4,21,article,10.1016/j.energy.2022.125311,Design and numerical investigation of an ultra-wide bandwidth rolling magnet bistable electromagnetic harvester
C,一区,2020,Energy,Guangcheng Fan,6,16,article,10.1016/j.energy.2020.119088,Research on energy conversion efficiency of the reconfigurable reconnection electromagnetic launcher
C,一区,2023,Energy Conversion and Management,Baolin Li,4,36,article,10.1016/j.enconman.2023.118022,"Hand-held rolling magnetic-spring energy harvester: Design, analysis, and experimental verification"
C,一区,2018,Applied Thermal Engineering,Jianliang Sun,4,45,article,10.1016/j.applthermaleng.2018.01.101,Numerical and experimental investigation of induction heating process of heavy cylinder
C,一区,2019,Applied Thermal Engineering,Lingxiao Cao,4,45,article,10.1016/j.applthermaleng.2019.114260,Flexible circulated-cooling liquid metal coil for induction heating
C,一区,2020,International Journal of Heat and Mass Transfer,Li Bao,6,49,article,10.1016/j.ijheatmasstransfer.2020.119422,Numerical and experimental research on localized induction heating process for hot stamping steel sheets
C,一区,2015,International Journal of Heat and Mass Transfer,Huy-Tien Bui,2,44,article,10.1016/j.ijheatmasstransfer.2015.02.057,Modeling a working coil coupled with magnetic flux concentrators for barrel induction heating in an injection molding machine
C,一区,2017,International Journal of Heat and Mass Transfer,Liangliang Lu,5,67,article,10.1016/j.ijheatmasstransfer.2017.01.062,Numerical study of titanium melting by high frequency inductive heating
C,一区,2025,Applied Thermal Engineering,Jingxiao Wang,4,2,article,10.1016/j.applthermaleng.2025.129041,Numerical simulation and mathematical modeling for electromagnetic induction heating of spatially fixed micron-scale iron particles
C,一区,2023,Applied Thermal Engineering,Talal Alqahtani,3,19,article,10.1016/j.applthermaleng.2023.120072,Numerical investigation on performance enhancement of metal-hydride hydrogen tank using electromagnetic induction heating
C,一区,2016,Applied Thermal Engineering,Yoav Hadad,3,20,article,10.1016/j.applthermaleng.2016.03.151,Inductive heating with a stepped diameter crucible
C,一区,2015,Energy Conversion and Management,Arunava Chatterjee,2,30,article,10.1016/j.enconman.2015.03.091,An improved excitation control technique of three-phase induction machine operating as dual winding generator for micro-wind domestic application
C,一区,2018,International Journal of Heat and Mass Transfer,Dmitrii O. Glushkov,3,15,article,10.1016/j.ijheatmasstransfer.2018.08.103,The gel fuel ignition at local conductive heating
C,一区,2025,International Journal of Heat and Mass Transfer,Yuewei Ai,4,16,article,10.1016/j.ijheatmasstransfer.2025.126988,Numerical investigation on the molten pool and keyhole dynamic behaviors and weld microstructure in laser-induction hybrid welding of stainless steel
C,一区,2021,Energy,Yuhang Song,7,39,article,10.1016/j.energy.2021.120380,Simulation of air-steam gasification of pine sawdust in an updraft gasification system for production of hydrogen-rich producer gas
C,一区,2024,International Journal of Heat and Mass Transfer,Qin Wang,5,9,article,10.1016/j.ijheatmasstransfer.2024.126453,Modeling of thermal evolution and fluid flow during synchronous induction-assisted laser wire deposition
C,一区,2025,Applied Thermal Engineering,Chien-Chang Chen,2,4,article,10.1016/j.applthermaleng.2025.125514,Development of magnetic induction heating device structure for improved thermal uniformity in shrink-fit tool holders to reduce surface roughness in CNC machined workpieces
C,一区,2019,International Journal of Heat and Mass Transfer,Naoto Kakuta,6,10,article,10.1016/j.ijheatmasstransfer.2019.03.127,Near-infrared measurement of axisymmetric temperature field formed by free convection from a 1-mm-diameter heating sphere in water
C,一区,2025,Applied Thermal Engineering,Yingying Li,8,1,article,10.1016/j.applthermaleng.2025.127648,Emissivity measurement device for manufactured parts based on induction heating
C,一区,2017,Applied Thermal Engineering,A. Frączyk,2,28,article,10.1016/j.applthermaleng.2017.07.025,Surface temperature control of a rotating cylinder heated by moving inductors
C,一区,2023,Applied Energy,Jing Qian,8,31,article,10.1016/j.apenergy.2023.122186,Multi-objective optimization design of the wind-to-heat system blades based on the Particle Swarm Optimization algorithm
C,一区,2024,Applied Thermal Engineering,Yi Han,6,2,article,10.1016/j.applthermaleng.2024.123999,Spiral-scanning electromagnetic heating of helical gears based on a coordinate system linkage method
C,一区,2026,Applied Thermal Engineering,Zhihui Lu,5,0,article,10.1016/j.applthermaleng.2026.131793,Multi-physics coupling simulation and experimental study on induction heating for rotating turbine blade testing
C,一区,2024,Energy,Gangquan Wang,6,6,article,10.1016/j.energy.2024.131651,Melting spectral emissivity measurement of metal during the melting and solidification process
C,一区,2022,Energy,Andrey Vulfovich,6,8,article,10.1016/j.energy.2022.124104,Output characteristics modeling and experimental verification of secondary-uncompensated inductive power delivery link operating without feedback
C,一区,2020,Energy Conversion and Management,Idan Sassonker,6,3,article,10.1016/j.enconman.2020.112906,Small-signal modeling and active damping of resonant electromagnetic levitation melting system with experimental verification
C,一区,2025,Applied Thermal Engineering,Anh T. Hoang,2,0,article,10.1016/j.applthermaleng.2025.129632,Rooftop solar photovoltaic-powered molten salt thermal energy storage system using high-frequency induction heating for industrial steam generation
C,一区,2026,Applied Thermal Engineering,Juan Du,7,0,article,10.1016/j.applthermaleng.2026.131770,Thermal enhancement in a rectangular channel heat exchanger by using helical tapes
C,一区,2016,IEEE Transactions on Industrial Electronics,Vesa Ruuskanen,4,89,article,10.1109/tie.2016.2549005,Iron Loss Analysis of the Permanent-Magnet Synchronous Machine Based on Finite-Element Analysis Over the Electrical Vehicle Drive Cycle
C,一区,2015,IEEE Transactions on Industrial Electronics,Xiao Chen,5,247,article,10.1109/tie.2014.2388200,"A High-Fidelity and Computationally Efficient Model for Interior Permanent-Magnet Machines Considering the Magnetic Saturation, Spatial Harmonics, and Iron Loss Effect"
C,一区,2015,IEEE Transactions on Industrial Electronics,JunWoo Kim,5,131,article,10.1109/tie.2015.2432104,Sensorless Control of PMSM in a High-Speed Region Considering Iron Loss
C,一区,2015,IEEE Transactions on Industrial Electronics,Ziyuan Huang,4,242,article,10.1109/tie.2015.2500188,Loss Calculation and Thermal Analysis of Rotors supported by Active Magnetic Bearings for High-speed Permanent Magnet Electrical Machines
C,一区,2019,IEEE Transactions on Industrial Electronics,Dongdong Zhang,4,63,article,10.1109/tie.2018.2889631,An Analytical Iron Loss Calculation Model of Inverter-Fed Induction Motors Considering Supply and Slot Harmonics
C,一区,2019,IEEE Transactions on Industrial Electronics,Lefei Ge,3,66,article,10.1109/tie.2019.2922937,Fast Iron Loss and Thermal Prediction Method for Power Density and Efficiency Improvement in Switched Reluctance Machines
C,一区,2017,IEEE Transactions on Industrial Electronics,Shushu Zhu,4,51,article,10.1109/tie.2017.2723859,Iron Loss and Efficiency Analysis of Interior PM Machines for Electric Vehicle Applications
C,一区,2017,IEEE Transactions on Industrial Electronics,Huai-Cong Liu,2,94,article,10.1109/tie.2017.2758738,Optimum Design of an IE4 Line-Start Synchronous Reluctance Motor Considering Manufacturing Process Loss Effect
C,一区,2019,IEEE Transactions on Power Electronics,Haitao Zhang,3,51,article,10.1109/tpel.2019.2961689,Loss-Minimization Strategy of Nonsinusoidal Back EMF PMSM in Multiple Synchronous Reference Frames
C,一区,2021,IEEE Transactions on Industrial Electronics,Jingxia Wang,4,16,article,10.1109/tie.2021.3135615,Iron Loss Calculation for FSPM Machine With the PWM Inverter Supply Based on General Airgap Field Modulation Theory
C,一区,2017,IEEE Transactions on Industrial Electronics,Bangcheng Han,5,31,article,10.1109/tie.2017.2772140,"Loss Calculation, Thermal Analysis, and Measurement of Magnetically Suspended PM Machine"
C,一区,2016,IEEE Transactions on Industrial Electronics,Liang Xu,5,123,article,10.1109/tie.2016.2610399,Hybrid Stator Design of Fault-Tolerant Permanent-Magnet Vernier Machines for Direct-Drive Applications
C,一区,2025,IEEE Transactions on Industrial Electronics,Litao Dai,3,4,article,10.1109/tie.2025.3539388,Current-Injected Torque Ripple Reduction With Minimized Iron Loss in PMSMs
C,一区,2017,IEEE Transactions on Industrial Electronics,Luís A. Pereira,4,63,article,10.1109/tie.2017.2701768,Multiobjective Optimization of Five-Phase Induction Machines Based on NSGA-II
C,一区,2020,IEEE Transactions on Industrial Electronics,Hamid Saneie,2,47,article,10.1109/tie.2020.2969125,Performance Analysis of Outer-Rotor Single-Phase Induction Motor Based on Magnetic Equivalent Circuit
C,一区,2025,IEEE Transactions on Industrial Electronics,Sa Zhu,5,4,article,10.1109/tie.2025.3572930,White-Box High-Frequency Impedance Modeling of Permanent Magnet Synchronous Machines Using Small-Signal Time-Harmonic Finite Element Analysis
C,一区,2023,IEEE Transactions on Industrial Electronics,Xiang Li,5,9,article,10.1109/tie.2023.3269472,Design and Test of a Less-Rare-Earth Stator-Magnet Moving-Iron Transverse-Flux Linear Oscillatory Machine for Reciprocating Drive
C,一区,2020,IEEE Transactions on Industrial Electronics,Yanwu Xu,4,34,article,10.1109/tie.2020.2992953,Advanced Angle Control for Active Rectifier in Doubly Salient Electromagnetic Generator System
C,一区,2021,IEEE Transactions on Industrial Electronics,Yi Du,8,24,article,10.1109/tie.2021.3111584,Low Harmonics Design for Modular Permanent Magnet Synchronous Machine Using Partitioned Winding
C,一区,2022,IEEE Transactions on Industrial Electronics,J. Li,3,14,article,10.1109/tie.2022.3142399,Improvement of Integrated-Induction-Based Hybrid Excitation Brushless DC Generator by Employing Novel Consequent-Pole Rotor
C,一区,2024,IEEE Transactions on Industrial Electronics,Pengfei Wu,2,5,article,10.1109/tie.2024.3384587,A Hybrid Model for Calculating On-Load Performance of Delta-Type IPM Machines Accounting for Rotor and Stator Saturation
C,一区,2026,IEEE Transactions on Industrial Electronics,Chen Yang,6,0,article,10.1109/tie.2026.3688824,AC Loss Calculation Method for Wave Wound Hairpin End Winding of PMSM
C,一区,2022,Energy,Jianjun Hu,5,25,article,10.1016/j.energy.2022.123504,Optimal energy consumption and torque fluctuation control of integrated electric drive system based on mechanical-electromagnetic-thermal coupling characteristics
C,一区,2024,International Journal of Heat and Mass Transfer,Yunkai Tang,6,16,article,10.1016/j.ijheatmasstransfer.2024.126634,An electromagnetic-thermal-mechanical coupling model of dry-wound HTS coil based on T-A formulation with Neumann boundary condition
C,一区,2022,Energy,Jia Liu,5,86,article,10.1016/j.energy.2022.126090,"Numerical investigation on microwave-thermal recovery of shale gas based on a fully coupled electromagnetic, heat transfer, and multiphase flow model"
C,一区,2025,Applied Thermal Engineering,Qingtang Liu,6,4,article,10.1016/j.applthermaleng.2025.128234,Multi-physical coupling field investigation on phase transition of molten salt heated by electromagnetic induction for thermal energy storage applications
C,一区,2024,Energy,Feifan Huang,4,33,article,10.1016/j.energy.2024.130437,"Microwave thermal regeneration characteristics of spent activated carbon based on a coupled electromagnetic, heat and mass transfer multiphase porous media model"
C,一区,2023,Energy,Cun‐Guang Liang,5,40,article,10.1016/j.energy.2023.127225,Microwave-assisted breakage of basalt: A viewpoint on analyzing the thermal and mechanical behavior of rock
C,一区,2024,International Journal of Heat and Mass Transfer,Hong Zou,3,14,article,10.1016/j.ijheatmasstransfer.2024.125819,Polarization-independent nonreciprocal thermal radiation by cylindrical grating structure
C,一区,2016,International Journal of Heat and Mass Transfer,Yi Han,3,37,article,10.1016/j.ijheatmasstransfer.2016.05.017,Three-dimensional analysis of medium-frequency induction heating of steel pipes subject to motion factor
C,一区,2016,Applied Thermal Engineering,Xingmou Liu,4,29,article,10.1016/j.applthermaleng.2016.08.158,Numerical research on the losses characteristic and hot-spot temperature of laminated core joints in transformer
C,一区,2015,International Journal of Heat and Mass Transfer,Yan Li,5,62,article,10.1016/j.ijheatmasstransfer.2015.09.016,Plasma arc and weld pool coupled modeling of transport phenomena in keyhole welding
C,一区,2016,Applied Thermal Engineering,Xiaobin Fu,5,72,article,10.1016/j.applthermaleng.2016.11.192,Study on induction heating of workpiece before gear rolling process with different coil structures
C,一区,2024,Applied Thermal Engineering,Chuan-Ke Liu,2,11,article,10.1016/j.applthermaleng.2024.123098,Liquid metal-enhanced thermoelectric generator for high-temperature thermal harvesting
C,一区,2016,Applied Thermal Engineering,Huaiyu Wen,2,51,article,10.1016/j.applthermaleng.2016.10.113,Study on mobile induction heating process of internal gear rings for wind power generation
C,一区,2023,Applied Thermal Engineering,Jianrong Zhou,12,2,article,10.1016/j.applthermaleng.2023.120633,Thermal stability model of power coupler niobium tube for accelerator based on multi-field coupling analysis
C,一区,2018,Applied Thermal Engineering,Rui Sun,5,40,article,10.1016/j.applthermaleng.2018.04.100,Heat transfer and temperature distribution during high-frequency induction cladding of 45 steel plate
C,一区,2020,Applied Energy,Han Jiang,4,65,article,10.1016/j.apenergy.2020.115123,Prediction of output power with artificial neural network using extended datasets for Stirling engines
C,一区,2026,Energy,Tiancheng Liu,4,1,article,10.1016/j.energy.2026.141771,Optimization of an energy-efficient half-resonance microwave heating system for in-situ repair of asphalt pavement microcracks: A coupled electromagnetic–thermal approach with field validation
C,一区,2019,International Journal of Heat and Mass Transfer,Han Jichao,5,4,article,10.1016/j.ijheatmasstransfer.2019.01.122,Influence of different underexcited operations on thermal field in the turbogenerator end region with magnetic shield structure
C,一区,2025,Energy Conversion and Management,Zhongjie Li,5,9,article,10.1016/j.enconman.2025.120862,A near-room-temperature micro-scale organic Rankine cycle energy harvester for waste heat: electromechanical coupling and validation
C,一区,2025,Applied Thermal Engineering,Borui Wang,4,3,article,10.1016/j.applthermaleng.2025.128547,Research on improving the low-temperature performance of lithium-ion battery based on electromagnetic induction heating method
C,一区,2021,Energy,Chao Li,4,24,article,10.1016/j.energy.2021.122832,Mechanism of a novel mechanically operated contactless HTS energy converter
C,一区,2020,International Journal of Heat and Mass Transfer,Daqing Wang,3,31,article,10.1016/j.ijheatmasstransfer.2020.119847,Numerical analysis of ultrasonic waves in the gas tungsten arc welding (GTAW) with ultrasonic excitation of current
C,一区,2022,Applied Thermal Engineering,Chaojun Zhang,10,14,article,10.1016/j.applthermaleng.2022.119780,Break the superheat temperature limitation of induction skull melting technology
C,一区,2026,Applied Thermal Engineering,Ren Liu,6,3,article,10.1016/j.applthermaleng.2026.130780,Research on temperature estimation and suppression methods for permanent magnets in interior permanent magnet synchronous motor
C,一区,2021,International Journal of Heat and Mass Transfer,T. C. Huang,3,26,article,10.1016/j.ijheatmasstransfer.2021.122039,A novel selective thermophotovoltaic emitter based on multipole resonances
C,一区,2021,Applied Energy,L.X. Wang,5,20,article,10.1016/j.apenergy.2021.118265,Order reduction method for high-order dynamic analysis of heterogeneous integrated energy systems
C,一区,2022,Applied Thermal Engineering,A. Plait,4,11,article,10.1016/j.applthermaleng.2022.118415,Experimental validation of a multiphysics modeling for a magnetocaloric bench
C,一区,2023,Applied Energy,Peng Cui,8,8,article,10.1016/j.apenergy.2023.121535,Ultra-efficient localized induction heating by dual-ferrite synchronous magnetic field focusing
C,一区,2019,Energy,Weili Li,6,13,article,10.1016/j.energy.2019.116092,Multi-physical fields of rotor windings with axial-radial ventilation system for 1100 MW nuclear half-speed turbine generator
C,一区,2022,International Journal of Heat and Mass Transfer,Yao Xiao,5,9,article,10.1016/j.ijheatmasstransfer.2022.123589,Temperature gradient control of frequency conversion heating for a thick-walled pipe based on energy transfer
C,一区,2022,International Journal of Heat and Mass Transfer,Bo Zhang,5,16,article,10.1016/j.ijheatmasstransfer.2022.122868,Active Control of Near-Field Radiative Heat Transfer Between InSb and Graphene Multilayered Magneto-Optical Metamaterials
C,一区,2025,International Journal of Heat and Mass Transfer,Yuk Ming Wong,2,1,article,10.1016/j.ijheatmasstransfer.2025.127444,Ultra-large intrinsic photonic thermal transport rate through nanolaminated hyperbolic metamaterials
C,一区,2021,Applied Thermal Engineering,Peng Du,5,14,article,10.1016/j.applthermaleng.2021.116972,Numerical investigations of heat transfer and skin effect characteristics within rods located in a 48-rod Siemens reactor heated by AC
C,一区,2023,International Journal of Heat and Mass Transfer,Yihao Xiao,7,17,article,10.1016/j.ijheatmasstransfer.2023.124353,Study on mechanism of strength weakening of concrete subjected to microwaves in microwave-assisted concrete recycling
C,一区,2024,International Journal of Heat and Mass Transfer,Long Chen,5,6,article,10.1016/j.ijheatmasstransfer.2024.126427,Heat transfer performance investigation on two-dimensional aligned GO/EP composites
C,一区,2025,International Journal of Heat and Mass Transfer,Shuo Chen,6,5,article,10.1016/j.ijheatmasstransfer.2025.127263,Near-field radiative heat transfer between nanoparticles mediated by acoustic phonon polaritons
C,一区,2025,Applied Thermal Engineering,Wei‐Mon Yan,5,5,article,10.1016/j.applthermaleng.2025.128837,Coupled heat transfer and temperature uniformity analysis in vacuum microwave drying of pineapple
C,一区,2025,Applied Energy,Mehdi Salakhi,2,2,article,10.1016/j.apenergy.2025.127278,Toward electrified CO2-free hydrogen production: A multiphysics model investigating microwave-driven methane pyrolysis in fluidized beds
C,一区,2023,International Journal of Heat and Mass Transfer,Ming-Jian He,5,1,article,10.1016/j.ijheatmasstransfer.2023.124626,Splitting of temperature distributions due to dual-channel photon heat exchange in many-body systems
C,一区,2026,Applied Thermal Engineering,Honggang Xing,5,0,article,10.1016/j.applthermaleng.2026.132925,Electromagnetic-thermal co-simulation for analysis of high-power RF antenna
C,一区,2026,Applied Thermal Engineering,Biao Yang,6,1,article,10.1016/j.applthermaleng.2026.129758,Cluster consensus control for multisource microwave heating via spatiotemporal fusion
C,一区,2026,Applied Thermal Engineering,Chenyu Qin,8,0,article,10.1016/j.applthermaleng.2026.131741,High-switching-ratio liquid metal-based thermal switch enabled by electromagnetic actuation: flow evolution and heat transfer
C,一区,2026,Applied Thermal Engineering,Yinan Wang,7,1,article,10.1016/j.applthermaleng.2026.131600,Numerical simulation of the microscale droplet evaporation process under transient radiative boundary conditions
D,一区,2020,IEEE Transactions on Industrial Electronics,Kaikai Diao,5,154,article,10.1109/tie.2019.2962483,Multiobjective System Level Optimization Method for Switched Reluctance Motor Drive Systems Using Finite-Element Model
D,一区,2017,IEEE Transactions on Industrial Electronics,Damir Žarko,6,50,article,10.1109/tie.2017.2736485,Reduction of Computational Efforts in Finite Element-Based Permanent Magnet Traction Motor Optimization
D,一区,2015,IEEE Transactions on Industrial Electronics,Yanping Liang,4,53,article,10.1109/tie.2015.2438051,Finite-Element Evaluation and Eddy-Current Loss Decrease in Stator End Metallic Parts of a Large Double-Canned Induction Motor
D,一区,2015,Mechanical Systems and Signal Processing,Javier Martinez,3,35,article,10.1016/j.ymssp.2015.06.014,A 2D magnetic and 3D mechanical coupled finite element model for the study of the dynamic vibrations in the stator of induction motors
D,一区,2022,IEEE Transactions on Industrial Electronics,Joon-Hee Lee,3,20,article,10.1109/tie.2022.3163556,High-Fidelity Induction Motor Simulation Model Based on Finite Element Analysis
D,一区,2019,IEEE Transactions on Industrial Electronics,Ke Shao,6,225,article,10.1109/tie.2019.2937062,Finite-Time Control of a Linear Motor Positioner Using Adaptive Recursive Terminal Sliding Mode
D,一区,2020,Mechanical Systems and Signal Processing,Ke Shao,6,212,article,10.1016/j.ymssp.2020.107014,Recursive sliding mode control with adaptive disturbance observer for a linear motor positioner
D,一区,2018,IEEE Transactions on Industrial Electronics,Shafigh Nategh,6,100,article,10.1109/tie.2018.2821619,Transient Thermal Modeling and Analysis of Railway Traction Motors
D,一区,2019,IEEE Transactions on Industrial Electronics,Shanming Wang,4,135,article,10.1109/tie.2019.2910046,Analysis of Zeroth-Mode Slot Frequency Vibration of Integer Slot Permanent-Magnet Synchronous Motors
D,一区,2015,IEEE Transactions on Industrial Electronics,Le Sun,3,106,article,10.1109/tie.2015.2437361,Analysis of a Novel Magnetic-Geared Dual-Rotor Motor With Complementary Structure
D,一区,2017,IEEE Transactions on Industrial Electronics,Xiaoyong Zhu,5,139,article,10.1109/tie.2017.2682025,Design and Multicondition Comparison of Two Outer-Rotor Flux-Switching Permanent-Magnet Motors for In-Wheel Traction Applications
D,一区,2017,IEEE Transactions on Industrial Electronics,Jing Ou,4,121,article,10.1109/tie.2017.2758760,Experimental and Theoretical Research on Cogging Torque of PM Synchronous Motors Considering Manufacturing Tolerances
D,一区,2015,IEEE Transactions on Industrial Electronics,Jun-Kyu Park,2,142,article,10.1109/tie.2015.2499162,Detection of Inter-Turn and Dynamic Eccentricity Faults Using Stator Current Frequency Pattern in IPM-Type BLDC Motors
D,一区,2020,IEEE Transactions on Industrial Electronics,Ehsan Farmahini Farahani,3,102,article,10.1109/tie.2020.2969073,An Innovative Hybrid-Excited Multi-Tooth Switched Reluctance Motor for Torque Enhancement
D,一区,2016,IEEE Transactions on Power Electronics,Bing Tian,6,104,article,10.1109/tpel.2016.2611532,Decoupled Modeling and Nonlinear Speed Control for Five-Phase PM Motor Under Single-Phase Open Fault
D,一区,2016,IEEE Transactions on Industrial Electronics,Guangzhao Luo,6,81,article,10.1109/tie.2016.2578839,A Novel Nonlinear Modeling Method for Permanent-Magnet Synchronous Motors
D,一区,2020,IEEE Transactions on Industrial Electronics,Yizhou Hua,4,106,article,10.1109/tie.2020.3037873,Multiobjective Optimization Design of Permanent Magnet Assisted Bearingless Synchronous Reluctance Motor Using NSGA-Ⅱ
D,一区,2018,IEEE Transactions on Industrial Electronics,Peixin Liang,4,99,article,10.1109/tie.2018.2831194,Analytical Model of a Spoke-Type Permanent Magnet Synchronous In-Wheel Motor With Trapezoid Magnet Accounting for Tooth Saturation
D,一区,2017,IEEE Transactions on Industrial Electronics,Fernando Alvarez‐Gonzalez,4,107,article,10.1109/tie.2017.2688969,Real-Time Hardware-in-the-Loop Simulation of Permanent-Magnet Synchronous Motor Drives Under Stator Faults
D,一区,2016,IEEE Transactions on Industrial Electronics,S. Sashidhar,2,89,article,10.1109/tie.2016.2609841,A Novel Ferrite SMDS Spoke-Type BLDC Motor for PV Bore-Well Submersible Water Pumps
D,一区,2017,IEEE Transactions on Industrial Electronics,Gang Lv,4,76,article,10.1109/tie.2017.2726967,Design of Ladder-Slit Secondaries and Performance Improvement of Linear Induction Motors for Urban Rail Transit
D,一区,2016,IEEE Transactions on Industrial Electronics,R. T. Ugale,2,89,article,10.1109/tie.2016.2606587,Rotor Configurations for Improved Starting and Synchronous Performance of Line Start Permanent-Magnet Synchronous Motor
D,一区,2022,IEEE Transactions on Industrial Electronics,Bo Yan,5,40,article,10.1109/tie.2022.3170621,Magnetic Field Prediction for Line-Start Permanent Magnet Synchronous Motor via Incorporating Geometry Approximation and Finite Difference Method Into Subdomain Model
D,一区,2017,IEEE Transactions on Industrial Electronics,Seun Guy Min,2,76,article,10.1109/tie.2017.2745475,3-D Performance Analysis and Multiobjective Optimization of Coreless-Type PM Linear Synchronous Motors
D,一区,2016,IEEE Transactions on Power Electronics,Bing Tian,6,81,article,10.1109/tpel.2016.2598778,Cancellation of Torque Ripples With FOC Strategy Under Two-Phase Failures of the Five-Phase PM Motor
D,一区,2020,IEEE Transactions on Power Electronics,Xuewei Song,6,91,article,10.1109/tpel.2020.2967053,Local Demagnetization Fault Recognition of Permanent Magnet Synchronous Linear Motor Based on S-Transform and PSO–LSSVM
D,一区,2016,IEEE Transactions on Industrial Electronics,Xiangdong Liu,4,604,article,10.1109/tie.2016.2524415,Research on the Performances and Parameters of Interior PMSM Used for Electric Vehicles
D,一区,2017,IEEE Transactions on Industrial Electronics,AKM Arafat,3,94,article,10.1109/tie.2017.2682016,Open-Phase Fault Detection of a Five-Phase Permanent Magnet Assisted Synchronous Reluctance Motor Based on Symmetrical Components Theory
D,一区,2017,IEEE Transactions on Industrial Electronics,Daohan Wang,4,75,article,10.1109/tie.2017.2740824,"Design, Optimization, and Prototyping of Segmental-Type Linear Switched-Reluctance Motor With a Toroidally Wound Mover for Vertical Propulsion Application"
D,一区,2017,IEEE Transactions on Industrial Electronics,Kyungjin Kang,5,82,article,10.1109/tie.2017.2686376,Real-Time Detection of the Dynamic Eccentricity in Permanent-Magnet Synchronous Motors by Monitoring Speed and Back EMF Induced in an Additional Winding
D,一区,2020,Mechanical Systems and Signal Processing,Shijing Zhang,5,64,article,10.1016/j.ymssp.2020.107213,Development of a two-DOF inertial rotary motor using a piezoelectric actuator constructed on four bimorphs
D,一区,2022,IEEE Transactions on Industrial Electronics,Yi Du,8,48,article,10.1109/tie.2022.3198237,A Novel Pole-Changing Permanent Magnet Vernier Motor
D,一区,2017,IEEE Transactions on Industrial Electronics,Sai Sudheer Reddy Bonthu,3,83,article,10.1109/tie.2017.2711580,Comparisons of Rare-Earth and Rare-Earth-Free External Rotor Permanent Magnet Assisted Synchronous Reluctance Motors
D,一区,2016,IEEE Transactions on Industrial Electronics,João F. P. Fernandes,2,68,article,10.1109/tie.2016.2535982,"The Shell-Like Spherical Induction Motor for Low-Speed Traction: Electromagnetic Design, Analysis, and Experimental Tests"
D,一区,2016,IEEE Transactions on Industrial Electronics,Yun Le,3,87,article,10.1109/tie.2016.2530778,Modeling and Design of 3-DOF Magnetic Bearing for High-Speed Motor Including Eddy-Current Effects and Leakage Effects
D,一区,2017,IEEE Transactions on Industrial Electronics,Qinghu Zhang,4,59,article,10.1109/tie.2017.2745456,Multi-objective Design Optimization of High-Power Circular Winding Brushless DC Motor
D,一区,2020,IEEE Transactions on Industrial Electronics,Qinkai Han,5,72,article,10.1109/tie.2020.2973894,Magnetic Equivalent Modeling of Stator Currents for Localized Fault Detection of Planetary Gearboxes Coupled to Electric Motors
D,一区,2016,IEEE Transactions on Industrial Electronics,Mohsen Zafarani,4,56,article,10.1109/tie.2016.2609380,An Investigation of Motor Topology Impacts on Magnet Defect Fault Signatures
D,一区,2015,IEEE Transactions on Power Electronics,Hao Qian,3,55,article,10.1109/tpel.2015.2439574,Modeling and Analysis of Interturn Short Fault in Permanent Magnet Synchronous Motors With Multistrands Windings
D,一区,2017,IEEE Transactions on Industrial Electronics,B. Prathap Reddy,4,80,article,10.1109/tie.2017.2733474,A Fault-Tolerant Multilevel Inverter for Improving the Performance of a Pole–Phase Modulated Nine-Phase Induction Motor Drive
D,一区,2020,IEEE Transactions on Industrial Electronics,Libing Cao,4,55,article,10.1109/tie.2020.2969101,A Double-Rotor Flux-Switching Permanent-Magnet Motor for Electric Vehicles With Magnetic Differential
D,一区,2019,Mechanical Systems and Signal Processing,Qinkai Han,5,70,article,10.1016/j.ymssp.2019.06.010,Stator current model for detecting rolling bearing faults in induction motors using magnetic equivalent circuits
D,一区,2020,IEEE Transactions on Industrial Electronics,Xiaodong Sun,5,323,article,10.1109/tie.2020.2965463,Multi-Objective Design Optimization of an IPMSM Based on Multilevel Strategy
D,一区,2020,IEEE Transactions on Industrial Informatics,Ahmad Jafari,3,53,article,10.1109/tii.2020.3009867,A Simple and Efficient Current-Based Method for Interturn Fault Detection in BLDC Motors
D,一区,2017,IEEE Transactions on Industrial Electronics,Fabrizio Marignetti,4,51,article,10.1109/tie.2017.2716865,Electromagnetic Design and Modeling of a Two-Phase Axial-Flux Printed Circuit Board Motor
D,一区,2021,IEEE Transactions on Industrial Electronics,B. S. Umesh,6,60,article,10.1109/tie.2021.3121707,Direct Electric Vehicle to Vehicle (V2V) Power Transfer Using On-Board Drivetrain and Motor Windings
D,一区,2019,IEEE Transactions on Power Electronics,Jing Ou,4,59,article,10.1109/tpel.2019.2895679,Investigation of PM Eddy Current Losses in Surface-Mounted PM Motors Caused by PWM
D,一区,2017,IEEE Transactions on Industrial Electronics,Hyun-Soo Seol,5,56,article,10.1109/tie.2017.2716908,Optimal Design Strategy for Improved Operation of IPM BLDC Motors With Low-Resolution Hall Sensors
D,一区,2020,IEEE Transactions on Industrial Electronics,Ranjan Sasti Charan Pal,2,52,article,10.1109/tie.2020.2987274,A Simplified Dynamical Model of Mixed Eccentricity Fault in a Three-Phase Induction Motor
D,一区,2019,IEEE Transactions on Power Electronics,Faa‐Jeng Lin,5,59,article,10.1109/tpel.2019.2954558,Adaptive Backstepping Control for Synchronous Reluctance Motor Based on Intelligent Current Angle Control
D,一区,2017,IEEE Transactions on Industrial Electronics,Guangtong Ma,5,47,article,10.1109/tie.2017.2779415,"Potentials of an Integrated Levitation, Guidance, and Propulsion System by a Superconducting Transverse Flux Linear Motor"
D,一区,2017,IEEE Transactions on Industrial Electronics,Guo Xiaoqiang,5,43,article,10.1109/tie.2017.2767548,Fast Computation of Radial Vibration in Switched Reluctance Motors
D,一区,2019,IEEE Transactions on Industrial Electronics,Renato Galluzzi,3,33,article,10.1109/tie.2019.2901652,"Modeling, Design, and Validation of Magnetic Hysteresis Motors"
D,一区,2015,IEEE Transactions on Industrial Electronics,Reza Nasiri‐Zarandi,3,42,article,10.1109/tie.2015.2498142,A Novel Hybrid Hysteresis Motor With Combined Radial and Axial Flux Rotors
D,一区,2019,IEEE Transactions on Industrial Electronics,Li Zhang,4,58,article,10.1109/tie.2019.2955407,Design and Analysis of New Five-Phase Flux-Intensifying Fault-Tolerant Interior-Permanent-Magnet Motor for Sensorless Operation
D,一区,2021,IEEE Transactions on Industrial Electronics,Jing Wang,5,49,article,10.1109/tie.2021.3116558,A New Flux-Concentrating Rotor of Permanent Magnet Motor for Electric Vehicle Application
D,一区,2020,IEEE Transactions on Industrial Electronics,Bo Yan,3,51,article,10.1109/tie.2020.3008360,Design of a Large Capacity Line-Start Permanent Magnet Synchronous Motor Equipped With Hybrid Salient Rotor
D,一区,2017,IEEE Transactions on Industrial Electronics,Yanfang Hu,6,45,article,10.1109/tie.2017.2694383,"Investigation on a Multimode Switched Reluctance Motor: Design, Optimization, Electromagnetic Analysis, and Experiment"
D,一区,2015,IEEE Transactions on Industrial Electronics,S. Umesh,2,58,article,10.1109/tie.2015.2506623,Multilevel Inverter Scheme for Performance Improvement of Pole Phase Modulated Multiphase Induction Motor Drive
D,一区,2015,IEEE Transactions on Industrial Electronics,Reza Nasiri‐Zarandi,3,54,article,10.1109/tie.2015.2402115,"Analysis, Optimization, and Prototyping of a Brushless DC Limited-Angle Torque-Motor With Segmented Rotor Pole Tip Structure"
D,一区,2015,IEEE Transactions on Industrial Electronics,Kiran Kumar Nallamekala,2,57,article,10.1109/tie.2015.2495281,A Fault-Tolerant Dual Three-Level Inverter Configuration for Multipole Induction Motor Drive With Reduced Torque Ripple
D,一区,2020,Mechanical Systems and Signal Processing,Zhibo Huang,6,54,article,10.1016/j.ymssp.2020.106658,Development of a novel spherical stator multi-DOF ultrasonic motor using in-plane non-axisymmetric mode
D,一区,2017,IEEE Transactions on Industrial Electronics,Haris Sheh Zad,3,42,article,10.1109/tie.2017.2762626,Design and Analysis of a Novel Bearingless Motor for a Miniature Axial Flow Blood Pump
D,一区,2019,IEEE Transactions on Industrial Electronics,Qiang Tan,4,49,article,10.1109/tie.2019.2918477,Magnetic Field Analysis and Flux Barrier Design for Modular Permanent Magnet Linear Synchronous Motor
D,一区,2017,IEEE Transactions on Industrial Electronics,Yiduan Chen,3,55,article,10.1109/tie.2017.2733454,A Concept of General Flux-Modulated Electric Machines Based on a Unified Theory and Its Application to Developing a Novel Doubly-Fed Dual-Stator Motor
D,一区,2017,IEEE Transactions on Industrial Electronics,Fu Lin,4,40,article,10.1109/tie.2017.2758742,Modeling and Analysis of Acoustic Noise in External Rotor In-Wheel Motor Considering Doppler Effect
D,一区,2018,IEEE Transactions on Industrial Electronics,Ruiwu Cao,4,54,article,10.1109/tie.2018.2829679,MW-Class Stator Wound Field Flux-Switching Motor for Semidirect Drive Wind Power Generation System
D,一区,2019,IEEE Transactions on Industrial Electronics,Lei Gan,3,39,article,10.1109/tie.2019.2896290,Tilting Torque Calculation of a Novel Tiered Type Permanent Magnet Spherical Motor
D,一区,2021,IEEE Transactions on Industrial Electronics,Jiwen Zhao,6,58,article,10.1109/tie.2021.3050360,Uniform Demagnetization Diagnosis for Permanent-Magnet Synchronous Linear Motor Using a Sliding-Mode Velocity Controller and an ALN-MRAS Flux Observer
D,一区,2015,IEEE Transactions on Industrial Electronics,Shi-Uk Chung,4,186,article,10.1109/tie.2015.2472375,Development of a 20-Pole–24-Slot SPMSM With Consequent Pole Rotor for In-Wheel Direct Drive
D,一区,2018,IEEE Transactions on Industrial Electronics,Caiyong Ye,5,30,article,10.1109/tie.2018.2842790,Investigation of a High-Frequency Pulsed Alternator Integrating Motor and Alternator
D,一区,2020,IEEE Transactions on Power Electronics,Qiwei Wang,6,195,article,10.1109/tpel.2020.3000896,An Impedance Model-Based Multiparameter Identification Method of PMSM for Both Offline and Online Conditions
D,一区,2021,IEEE Transactions on Industrial Electronics,Zebin Yang,4,44,article,10.1109/tie.2021.3071712,An Improved Dynamic Model for Bearingless Induction Motor Considering Rotor Eccentricity and Load Change
D,一区,2018,IEEE Transactions on Industrial Electronics,Zhongyan He,7,42,article,10.1109/tie.2018.2833040,Thrust Ripple Reduction in Permanent Magnet Synchronous Linear Motor Based on Tuned Viscoelastic Damper
D,一区,2022,IEEE Transactions on Industrial Electronics,Zhenbao Pan,4,39,article,10.1109/tie.2022.3215444,Accurate and Efficient Surrogate Model-Assisted Optimal Design of Flux Reversal Permanent Magnet Arc Motor
D,一区,2017,IEEE Transactions on Industrial Electronics,B. Prathap Reddy,2,61,article,10.1109/tie.2017.2750626,A Multilevel Inverter Configuration for an Open-End-Winding Pole-Phase-Modulated-Multiphase Induction Motor Drive Using Dual Inverter Principle
D,一区,2019,IEEE Transactions on Industrial Electronics,Hao Chen,3,38,article,10.1109/tie.2019.2898600,Electrothermal-Based Junction Temperature Estimation Model for Converter of Switched Reluctance Motor Drive System
D,一区,2017,IEEE Transactions on Industrial Electronics,Bon-Gwan Gu,1,26,article,10.1109/tie.2017.2782200,Offline Interturn Fault Diagnosis Method for Induction Motors by Impedance Analysis
D,一区,2016,IEEE Transactions on Industrial Electronics,B. S. Umesh,2,49,article,10.1109/tie.2016.2561268,Dual-Inverter-Fed Pole-Phase Modulated Nine-Phase Induction Motor Drive With Improved Performance
D,一区,2018,IEEE Transactions on Industrial Electronics,Jianfeng Hong,4,31,article,10.1109/tie.2018.2851989,A PM Pole With Axial Varied Width for Vibration Mitigation in PM Brush DC Motors
D,一区,2016,IEEE Transactions on Industrial Electronics,Mohammad Sedigh Toulabi,3,27,article,10.1109/tie.2016.2637302,"Design, Control, and Experimental Test of an Open-Winding IPM Synchronous Motor"
D,一区,2019,IEEE Transactions on Industrial Electronics,Salman Ahmed,4,37,article,10.1109/tie.2019.2945302,Multifidelity Surrogate Assisted Rapid Design of Transverse-Flux Permanent Magnet Linear Synchronous Motor
D,一区,2022,IEEE Transactions on Industrial Electronics,Xiaokun Zhao,3,32,article,10.1109/tie.2022.3174281,A Reverse-Salient Permanent Magnet Synchronous Motor and Its dq-Axis Current Distribution Laws
D,一区,2019,IEEE Transactions on Industrial Informatics,Juncai Song,7,40,article,10.1109/tii.2019.2962730,Accurate Demagnetization Faults Detection of Dual-Sided Permanent Magnet Linear Motor Using Enveloping and Time-Domain Energy Analysis
D,一区,2018,IEEE Transactions on Industrial Electronics,Donghua Pan,3,31,article,10.1109/tie.2018.2808898,Modeling and Optimization of Air-Core Monopole Linear Motor Based on Multiphysical Fields
D,一区,2023,IEEE Transactions on Industrial Electronics,Yajun Lv,8,28,article,10.1109/tie.2023.3239905,Spatial-Harmonic Modeling and Analysis of High-Frequency Electromagnetic Vibrations of Multiphase Surface Permanent-Magnet Motors
D,一区,2022,IEEE Transactions on Industrial Electronics,Zezhi Xing,3,30,article,10.1109/tie.2022.3192678,An Accurate Calculation Method of Natural Frequencies of the Radial-Flux Slotted Motors Considering End Covers
D,一区,2019,IEEE Transactions on Industrial Electronics,Feng Chai,3,37,article,10.1109/tie.2019.2939964,Magnetic Field Analysis of an Iron-Cored Tiered Type Permanent Magnet Spherical Motor Using Modified Dynamic Reluctance Mesh Method
D,一区,2023,IEEE Transactions on Industrial Electronics,Xian Li,3,23,article,10.1109/tie.2023.3294576,Analysis and Research on Local Irreversible Demagnetization of Inverter-Powered PM Motor
D,一区,2016,IEEE Transactions on Industrial Electronics,Francisco José Perez-Cebolla,5,25,article,10.1109/tie.2016.2523925,Nonlinear Lumped-Circuit Model for Switched Reluctance Motors Exhibiting Core Losses
D,一区,2022,IEEE Transactions on Industrial Electronics,Yanlei Yu,4,32,article,10.1109/tie.2022.3189065,Analysis of Back EMF Harmonics Influenced by Slot–Pole Combinations in Permanent Magnet Vernier In-Wheel Motors
D,一区,2022,IEEE Transactions on Industrial Electronics,Changwoo Lee,3,31,article,10.1109/tie.2022.3148751,Topology Optimization for the Manufacturable and Structurally Safe Synchronous Reluctance Motors With Multiple Iron Webs and Bridges
D,一区,2020,IEEE Transactions on Industrial Electronics,Jiujian Chang,4,112,article,10.1109/tie.2020.2982093,A Yokeless and Segmented Armature Axial Flux Machine With Novel Cooling System for In-Wheel Traction Applications
D,一区,2024,IEEE Transactions on Industrial Electronics,Huijun Wang,4,26,article,10.1109/tie.2024.3357899,Design and Evaluation of Modular Stator Hybrid-Excitation Switched Reluctance Motor for Torque Performance Improvement
D,一区,2022,IEEE Transactions on Industrial Electronics,Qixing Gao,4,26,article,10.1109/tie.2022.3177816,"Loss Calculation, Analysis, and Separation Method of 550 000 r/min Ultrahigh-Speed Permanent Magnet Motor"
D,一区,2019,IEEE Transactions on Industrial Electronics,Lujia Xie,5,23,article,10.1109/tie.2019.2898590,Characteristics Analysis of the Motions of the Two-Degree-of-Freedom Direct Drive Induction Motor
D,一区,2019,IEEE Transactions on Industrial Electronics,B. Prathap Reddy,2,20,article,10.1109/tie.2019.2958287,Multilayer Fractional Slot Pole-Phase Modulated Induction Motor Drives for Traction Applications
D,一区,2018,IEEE Transactions on Industrial Electronics,Yang Liu,6,18,article,10.1109/tie.2018.2826474,Effects of Manufacturing Imperfections on the Circulating Current in Ironless Brushless DC Motors
D,一区,2022,IEEE Transactions on Industrial Electronics,Bingnan Zhang,5,24,article,10.1109/tie.2022.3198240,Analytical Calculation Method of Motor Natural Frequencies Based on Equivalent Model of Three-Layer Cylindrical Shell
D,一区,2019,IEEE Transactions on Industrial Electronics,Seun Guy Min,2,22,article,10.1109/tie.2019.2913828,Analytical Prediction and Multiconstrained Nonlinear Optimization of Slotted Linear PM Motors Taking Into Account Two-Dimensional End Effects
D,一区,2020,Mechanical Systems and Signal Processing,Xueping Xu,4,25,article,10.1016/j.ymssp.2020.106909,Analytical methods for the radial electromagnetic vibration of stator in permanent magnet motors with an amorphous alloy core
D,一区,2022,IEEE Transactions on Industrial Electronics,Fan Yang,6,24,article,10.1109/tie.2022.3201321,Coupling Suspension Force Regulator Considering Time-Varying Characteristic for a Bearingless Switched Reluctance Motor
D,一区,2018,IEEE Transactions on Industrial Electronics,Juncai Song,6,139,article,10.1109/tie.2018.2835413,An Efficient Multiobjective Design Optimization Method for a PMSLM Based on an Extreme Learning Machine
D,一区,2022,IEEE Transactions on Industrial Electronics,Mingfeng Shi,6,25,article,10.1109/tie.2022.3199860,A New Adaptive Analytical Model for the Spherical Reluctance Motor Based on Hybrid Trigonometric Function–Power Function
D,一区,2015,IEEE Transactions on Industrial Electronics,Seyed Reza Mousavi‐Aghdam,4,101,article,10.1109/tie.2015.2494531,Design and Analysis of a Novel High-Torque Stator-Segmented SRM
D,一区,2022,IEEE Transactions on Industrial Electronics,Qinkai Han,5,17,article,10.1109/tie.2022.3206754,Motor Current Model for Detecting Localized Defects in Planet Rolling Bearings
D,一区,2022,Mechanical Systems and Signal Processing,Jiangbo He,8,18,article,10.1016/j.ymssp.2022.110083,Traveling wave distortion of MEMS ultrasonic motor induced by anisotropic elasticity
D,一区,2020,IEEE Transactions on Industrial Electronics,Guodong Yu,6,20,article,10.1109/tie.2020.3014570,Nonlinear EMC Modeling and Analysis of Permanent-Magnet Slotted Limited-Angle Torque Motor
D,一区,2023,IEEE Transactions on Industrial Electronics,Wenju Yan,8,12,article,10.1109/tie.2023.3290245,Investigation on Different Stator Structures of the Axial-Radial Flux Switched Reluctance Motors
D,一区,2023,IEEE Transactions on Power Electronics,Jiwon Yoo,3,17,article,10.1109/tpel.2023.3325535,FEA-Assisted Experimental Parameter Map Identification of Induction Motor for Wide-Range Field-Oriented Control
D,一区,2022,IEEE Transactions on Industrial Electronics,Shihao Gao,7,16,article,10.1109/tie.2022.3174291,Spherical Motor Position Detection Method Based on Accurate Modeling of Wireless Power Transmission
D,一区,2017,IEEE Transactions on Industrial Electronics,Wen Ding,6,120,article,10.1109/tie.2017.2711574,Design Consideration and Evaluation of a 12/8 High-Torque Modular-Stator Hybrid Excitation Switched Reluctance Machine for EV Applications
D,一区,2022,IEEE Transactions on Industrial Electronics,Jae Hyun Kim,5,19,article,10.1109/tie.2022.3227289,Modeling of Current-Driven End-Effect Force Ripple in Air-Cored Linear Synchronous Motor With Multiple Modular Stators
D,一区,2018,IEEE Transactions on Industrial Electronics,Yoonjae Kim,3,15,article,10.1109/tie.2018.2885691,Induction Motor Design Strategy for Wide Constant Power Speed Range
D,一区,2024,IEEE Transactions on Industrial Electronics,Bowen Zhang,5,17,article,10.1109/tie.2024.3393112,Modeling and Analysis of a Novel Step Skew Crossed Teeth Transverse Flux Motor for Distributed Electric Propulsion System
D,一区,2018,IEEE Transactions on Industrial Electronics,Ehsan Mazaheri‐Tehrani,4,13,article,10.1109/tie.2018.2868320,A Fast Phase Variable $abc$ Model of Brushless PM Motors Under Demagnetization Faults
D,一区,2017,IEEE Transactions on Industrial Electronics,Yanping Liang,4,17,article,10.1109/tie.2017.2733464,Investigation of End Leakage Reactance and Its Influence on the Accuracy in Performance Calculation of Large Double Canned Induction Motors
D,一区,2020,IEEE Transactions on Industrial Electronics,Feng Chai,4,14,article,10.1109/tie.2020.3000106,Tilting Torque Analysis of an Iron-Cored Tiered-Type Permanent Magnet Spherical Motor
D,一区,2015,IEEE Transactions on Industrial Electronics,Zijian Zhang,6,124,article,10.1109/tie.2014.2387794,A Novel Absolute Magnetic Rotary Sensor
D,一区,2017,IEEE Transactions on Industrial Electronics,Hossein Azizi Moghaddam,3,53,article,10.1109/tie.2017.2716877,Design Optimization of Transversely Laminated Synchronous Reluctance Machine for Flywheel Energy Storage System Using Response Surface Methodology
D,一区,2023,IEEE Transactions on Power Electronics,Xiaowang Chen,2,15,article,10.1109/tpel.2023.3341798,New Schemes of Induction Motor Electric Signature Analysis for Gear Fault Diagnosis: A Comparative Study
D,一区,2020,IEEE Transactions on Industrial Electronics,Fanqing Meng,4,9,article,10.1109/tie.2020.2988238,Fast Circuit-Field Coupling Analysis for Skewed Induction Motor
D,一区,2020,IEEE Transactions on Industrial Electronics,Zheng Yao,6,13,article,10.1109/tie.2020.2979574,Research on Selection Criterion of Design Tolerance for Air-Core Permanent Magnet Synchronous Linear Motor
D,一区,2017,IEEE Transactions on Industrial Electronics,Yingjie Li,3,87,article,10.1109/tie.2017.2739686,Design and Optimization of a Novel Dual-Rotor Hybrid PM Machine for Traction Application
D,一区,2023,IEEE Transactions on Industrial Electronics,Gang Lv,3,13,article,10.1109/tie.2023.3250754,Inductance Analysis of Transverse Flux Linear Synchronous Motor for Maglev Trains Considering Three-Dimensional Operating Conditions
D,一区,2020,IEEE Transactions on Industrial Electronics,Zong-Hong Tang,4,14,article,10.1109/tie.2020.3007111,Axial Magnetic Force Analysis and Optimized Design for Single-Phase BLDC Slim Fan Motors
D,一区,2020,IEEE Transactions on Industrial Electronics,Gang Lv,3,10,article,10.1109/tie.2020.3047059,Quasi-3D Analytic Method of the Single-Sided Linear Induction Motor With the Ladder Secondary
D,一区,2016,IEEE Transactions on Industrial Electronics,Mousam Ghosh,4,18,article,10.1109/tie.2016.2637303,"Semi-Analytical Dynamic Model of Permanent-Magnet Direct Current Brushed Motor Considering Slotting Effect, Commutation, and PWM-Operated Terminal Voltage"
D,一区,2015,IEEE Transactions on Power Electronics,Ningfei Jiao,5,141,article,10.1109/tpel.2015.2477456,Design and Control of a Two-Phase Brushless Exciter for Aircraft Wound-Rotor Synchronous Starter/Generator in the Starting Mode
D,一区,2017,IEEE Transactions on Industrial Electronics,Lucian Tutelea,5,18,article,10.1109/tie.2017.2736517,"Line Start 1 Phase–Source Split Phase Capacitor Cage–PM Rotor–RelSyn Motor: Modeling, Performance, and Optimal Design With Experiments"
D,一区,2015,IEEE Transactions on Industrial Electronics,Myung‐Seop Lim,4,63,article,10.1109/tie.2015.2409804,Design and Verification of 150-krpm PMSM Based on Experiment Results of Prototype
D,一区,2023,IEEE Transactions on Industrial Electronics,Pengfei Wu,2,14,article,10.1109/tie.2023.3309943,A Novel Analytical Model for On-Load Performance Prediction of Delta-Type IPM Motors Based on Rotor Simplification
D,一区,2024,IEEE Transactions on Industrial Electronics,You Zhou,9,15,article,10.1109/tie.2024.3401198,Design of Axial-Flux Permanent Magnet Motors With High Torque Density and Low Thermal Raise for Electric Motorcycle
D,一区,2017,IEEE Transactions on Industrial Electronics,Behzad Jandaghi,2,4,article,10.1109/tie.2017.2698402,Prototyping of Nonlinear Time-Stepped Finite Element Simulation for Linear Induction Machines on Parallel Reconfigurable Hardware
D,一区,2018,Mechanical Systems and Signal Processing,Liang Wang,5,101,article,10.1016/j.ymssp.2018.02.022,Modeling of coupled longitudinal and bending vibrations in a sandwich type piezoelectric transducer utilizing the transfer matrix method
D,一区,2017,IEEE Transactions on Industrial Electronics,Haris Sheh Zad,3,114,article,10.1109/tie.2017.2739682,Design and Adaptive Sliding-Mode Control of Hybrid Magnetic Bearings
D,一区,2022,IEEE Transactions on Industrial Electronics,Dongdong Zhang,7,13,article,10.1109/tie.2022.3210571,Core Loss Equivalent Resistance Modeling of Small- and Medium-Sized Converter-Fed Induction Motors Considering Supply and Spatial Harmonics
D,一区,2019,IEEE Transactions on Industrial Electronics,Janaki Ramaiah,2,24,article,10.1109/tie.2019.2946537,Hybrid PWM Scheme for Pole-Phase Modulation Induction Motor Drive Using Carrier-Based Hexagonal and Octadecagonal SVPWM
D,一区,2023,IEEE Transactions on Industrial Electronics,Jinpeng Liu,6,10,article,10.1109/tie.2023.3327333,Electromagnetic and Stress Performance Analysis for Synchronous Reluctance Motor Using a New Hybrid Subdomain Method
D,一区,2016,IEEE Transactions on Industrial Electronics,Zbigniew Gmyrek,2,9,article,10.1109/tie.2016.2589919,Influence of Geometry and Assembly Processes on the Building Factor of the Stator Core of the Synchronous Reluctance Motor
D,一区,2021,IEEE Transactions on Industrial Electronics,Xi Chen,4,16,article,10.1109/tie.2021.3108712,Design of a Medium-Voltage High-Power Brushless Doubly Fed Motor With a Low-Voltage Fractional Convertor for the Circulation Pump Adjustable Speed Drive
D,一区,2024,IEEE Transactions on Power Electronics,Ye Yuan,4,11,article,10.1109/tpel.2024.3394608,Control Strategy for Time-Varying Suspension System of 12/14 Bearingless Switched Reluctance Motor
D,一区,2023,IEEE Transactions on Industrial Electronics,Shihao Gao,7,9,article,10.1109/tie.2023.3265029,Novel Design of Multi-DOF Motor Position Estimation Based on Wireless Power Transmission Modeling
D,一区,2024,IEEE Transactions on Industrial Electronics,Kaikai Diao,6,9,article,10.1109/tie.2024.3511123,A Novel Analytical Design Theory for Switched Reluctance Motors Incorporating Nonlinear Characteristics
D,一区,2015,IEEE Transactions on Industrial Electronics,Jidong Zhang,3,77,article,10.1109/tie.2015.2410254,Stator Current Analysis From Electrical Machines Using Resonance Residual Technique to Detect Faults in Planetary Gearboxes
D,一区,2022,IEEE Transactions on Power Electronics,Qiang Ai,6,9,article,10.1109/tpel.2022.3218954,Online Demagnetization Fault Recognition for Permanent Magnet Motors Based on the Hall-Effect Analog Sampling
D,一区,2020,IEEE Transactions on Power Electronics,Yu Zhou,4,11,article,10.1109/tpel.2020.3025172,Analytical Calculation of Performance of Line-Start Permanent-Magnet Synchronous Motors Based on Multidamping-Circuit Model
D,一区,2023,IEEE Transactions on Industrial Electronics,Xiaoyong Zhu,6,8,article,10.1109/tie.2023.3333026,Torque Quality Enhancement of a Multi-Permanent-Magnets Motor Considering Different Role-Plays of Permanent Magnets
D,一区,2024,IEEE Transactions on Industrial Electronics,Tongwei Liang,4,10,article,10.1109/tie.2024.3413829,Linear Active Disturbance Rejection Decoupling Control of Bearingless Flux-Switching Permanent Magnet Motors Based on System Model Assistance
D,一区,2022,IEEE Transactions on Industrial Electronics,Tonghao Pei,4,9,article,10.1109/tie.2022.3199859,A Novel Flux-Reversal Bearingless Slice Motor Controlled by Rotor Angle Independent Suspension Current
D,一区,2020,IEEE Transactions on Industrial Electronics,Minghao Tong,4,73,article,10.1109/tie.2020.2988242,An On-Board Two-Stage Integrated Fast Battery Charger for EVs Based on a Five-Phase Hybrid-Excitation Flux-Switching Machine
D,一区,2017,IEEE Transactions on Industrial Electronics,Tomoki Nakata,4,39,article,10.1109/tie.2017.2714133,Automatic Design of IPMSMs Using a Genetic Algorithm Combined with the Coarse-Mesh FEM for Enlarging the High-Efficiency Operation Area
D,一区,2017,Mechanical Systems and Signal Processing,Alex McCloskey,5,62,article,10.1016/j.ymssp.2017.04.050,Analytical calculation of vibrations of electromagnetic origin in electrical machines
D,一区,2025,Mechanical Systems and Signal Processing,Seho Son,5,12,article,10.1016/j.ymssp.2025.112561,Digital twin model of a permanent magnet synchronous motor via a multiphysics-informed deep operator network
D,一区,2017,IEEE Transactions on Industrial Electronics,Zhiqiang Xue,5,74,article,10.1109/tie.2017.2721899,Analytical Prediction and Optimization of Cogging Torque in Surface-Mounted Permanent Magnet Machines With Modified Particle Swarm Optimization
D,一区,2017,IEEE Transactions on Industrial Electronics,Hae‐Joong Kim,5,41,article,10.1109/tie.2017.2694407,Simple Size Determination of Permanent-Magnet Synchronous Machines
D,一区,2024,IEEE Transactions on Power Electronics,Jinqiu Gao,7,7,article,10.1109/tpel.2024.3396466,"Modeling, Analysis, and Suppression of Demagnetization for MTPA-Driven Permanent Magnet Motors With Distributed Windings"
D,一区,2018,IEEE Transactions on Industrial Electronics,Chengrui Li,5,82,article,10.1109/tie.2018.2874585,Saliency-Based Sensorless Control for SynRM Drives With Suppression of Position Estimation Error
D,一区,2024,IEEE Transactions on Industrial Electronics,Zeyuan Liu,5,8,article,10.1109/tie.2024.3451147,Decoupled Topologies and Radial Levitation Control of a Novel Permanent Magnet Biased Bearingless Switched Reluctance Motor
D,一区,2022,IEEE Transactions on Industrial Electronics,Yu Zhou,2,6,article,10.1109/tie.2022.3224120,Analytical Method to Calculate Inductances of Spoke-Type Permanent-Magnet Synchronous Motors With Damping Bars
D,一区,2019,IEEE Transactions on Industrial Informatics,Juncai Song,6,53,article,10.1109/tii.2019.2928008,A New Demagnetization Fault Recognition and Classification Method for DPMSLM
D,一区,2024,IEEE Transactions on Industrial Electronics,Jikai Si,6,9,article,10.1109/tie.2024.3384524,A Dual-Rotor Axial-Flux PM Motor With Equidirectional Toroidal Winding and 3-Slot/4-Pole Unit Block for Torque Density Improvement
D,一区,2025,IEEE Transactions on Power Electronics,Xiaowang Chen,2,6,article,10.1109/tpel.2025.3550357,Quantitative Characteristics of the Rotary Machinery Fault Signatures in Induction Motor Stator Current: Modeling and Evaluation
D,一区,2015,IEEE Transactions on Power Electronics,Bon-Gwan Gu,1,48,article,10.1109/tpel.2015.2496142,Study of IPMSM Interturn Faults Part I: Development and Analysis of Models With Series and Parallel Winding Connections
D,一区,2020,IEEE Transactions on Industrial Electronics,Jianfeng Hong,5,44,article,10.1109/tie.2020.3013535,Piecewise Stagger Poles With Continuous Skew Edge for Vibration Reduction in Surface-Mounted PM Synchronous Machines
D,一区,2023,IEEE Transactions on Industrial Electronics,Jichao Han,6,5,article,10.1109/tie.2023.3239915,Design and Analysis of Complex End Region of Pumped Storage Generator Motor Based on Novel Electromagnetic Vector Method
D,一区,2021,IEEE Transactions on Industrial Electronics,Qingwen Ge,6,9,article,10.1109/tie.2021.3078377,Secondary Eddy Current Losses Reduction in a Double-Sided Long-Primary Fractional Slot Concentrated Winding Permanent Magnet Linear Synchronous Motor
D,一区,2024,IEEE Transactions on Industrial Electronics,Qicheng Dai,3,8,article,10.1109/tie.2024.3374359,Analytical Calculation and Experimental Validation of 3D Rotor Eddy Current Loss in High-Speed Permanent Magnet Synchronous Motors
D,一区,2025,IEEE Transactions on Industrial Electronics,Zhuofan He,5,5,article,10.1109/tie.2025.3618922,Design Consideration of Pole-Changing Permanent Magnet Vernier Motor With Characteristic Current Variation
D,一区,2022,IEEE Transactions on Power Electronics,Jiawei Zhou,6,35,article,10.1109/tpel.2022.3174395,Modeling and Suppression of Torque Ripple in PMSM Based on the General Airgap Field Modulation Theory
D,一区,2024,IEEE Transactions on Industrial Electronics,Yiyang Xu,5,4,article,10.1109/tie.2024.3357876,Coupled Modeling and Design Principles of Limited-Angle Vibration Motors for High-Frequency Reciprocating Rotation
D,一区,2022,IEEE Transactions on Industrial Electronics,Weiwei Geng,6,91,article,10.1109/tie.2022.3151963,Comparative Study of Yokeless Stator Axial-Flux PM Machines Having Fractional Slot Concentrated and Integral Slot Distributed Windings for Electric Vehicle Traction Applications
D,一区,2023,IEEE Transactions on Industrial Electronics,Seunguk Kim,4,35,article,10.1109/tie.2023.3245195,Magnetic Navigation System Composed of Dual Permanent Magnets for Accurate Position and Posture Control of a Capsule Endoscope
D,一区,2020,IEEE Transactions on Industrial Electronics,Qi Su,4,41,article,10.1109/tie.2020.2970641,A Quadruped Crawling Robot Operated by Elliptical Vibrations of Cantilever Legs
D,一区,2015,IEEE Transactions on Power Electronics,Wen Ding,3,59,article,10.1109/tpel.2015.2389258,Investigation and Experimental Test of Fault-Tolerant Operation of a Mutually Coupled Dual Three-Phase SRM Drive Under Faulty Conditions
D,一区,2016,IEEE Transactions on Industrial Electronics,Hanlin Zhan,4,63,article,10.1109/tie.2016.2585465,A Novel Zero-Sequence Model-Based Sensorless Method for Open-Winding PMSM With Common DC Bus
D,一区,2022,IEEE Transactions on Industrial Electronics,Bernard Steyaert,4,4,article,10.1109/tie.2022.3196352,Piecewise Affine Modeling of Wound-Rotor Synchronous Machines for Real-Time Motor Control
D,一区,2024,IEEE Transactions on Industrial Electronics,Lina Geng,4,5,article,10.1109/tie.2024.3454422,An Axial Split Phase Permanent Magnet Synchronous Motor With Wide Constant Power Speed Range and High Efficiency Range
D,一区,2024,IEEE Transactions on Industrial Electronics,Gang Lv,2,4,article,10.1109/tie.2024.3383013,Analysis and Calculation for a Novel Transverse Flux Linear Synchronous Motor With 3-D Magnetic Circuit Method
D,一区,2020,IEEE Transactions on Industrial Electronics,Jesús Paredes,5,57,article,10.1109/tie.2020.2969099,Improving the Performance of a 1-MW Induction Machine by Optimally Shifting From a Three-Phase to a Six-Phase Machine Design by Rearranging the Coil Connections
D,一区,2025,IEEE Transactions on Industrial Electronics,Guanghui Yang,6,3,article,10.1109/tie.2025.3536634,Design and Analysis of Stator-Inset-PM Bearingless Slice Motor Utilizing DC Suspension Excitation
D,一区,2025,IEEE Transactions on Power Electronics,Lisong He,4,5,article,10.1109/tpel.2025.3589369,D-Axis High-Frequency Impedance Extraction Method for Online Diagnosis of Inter-Turn Short-Circuit Faults in Traction Motors
D,一区,2017,IEEE Transactions on Power Electronics,Wen Ding,3,59,article,10.1109/tpel.2017.2665118,Characteristics Assessment and Comparative Study of a Segmented-Stator Permanent-Magnet Hybrid-Excitation SRM Drive With High-Torque Capability
D,一区,2021,IEEE Transactions on Industrial Electronics,Wenming Tong,5,35,article,10.1109/tie.2021.3111573,Analytical Model and Experimental Verification of Permanent Magnet Eddy Current Loss in Permanent Magnet Machines With Nonconcentric Magnetic Poles
D,一区,2020,IEEE Transactions on Industrial Electronics,Wen Ding,5,33,article,10.1109/tie.2020.3021665,Enhancement of a 12/4 Hybrid-Excitation Switched Reluctance Machine With Both Segmented-Stator and -Rotor
D,一区,2021,IEEE Transactions on Industrial Electronics,Matteo Berto,4,39,article,10.1109/tie.2021.3071710,Computation of Self-Sensing Capabilities of Synchronous Machines for Rotating High Frequency Voltage Injection Sensorless Control
D,一区,2025,IEEE Transactions on Industrial Electronics,Peng Zhou,3,4,article,10.1109/tie.2025.3585030,Research on High Power Density Design Method of PMSM Based on the Highly Saturated Motor Core
D,一区,2024,IEEE Transactions on Industrial Electronics,Zexin Jia,5,3,article,10.1109/tie.2024.3387105,A High Torque Density Ferrite STPM Motor Using Flux-Leakage Utilized Rotor
D,一区,2018,IEEE Transactions on Industrial Electronics,Xu Liu,3,27,article,10.1109/tie.2018.2844795,A Loss Separation Method of a High-Speed Magnetic Levitated PMSM Based on Drag System Experiment Without Torque Meter
D,一区,2023,IEEE Transactions on Power Electronics,Xu Chen,5,5,article,10.1109/tpel.2023.3307162,An Improved Direct Instantaneous Torque Control of Two-Segment Twisted-Rotor Doubly Salient Motor for Torque Capability Enhancement
D,一区,2021,IEEE Transactions on Power Electronics,Guangdong Bi,6,29,article,10.1109/tpel.2021.3068422,Current Vector Angle Adaptive Adjustment Based Rotor Position Offset Error Suppression Method for Sensorless PMSM Drives
D,一区,2018,IEEE Transactions on Industrial Electronics,Yanpu Zhao,3,16,article,10.1109/tie.2018.2811398,Accelerating the Optimal Shape Design of Linear Machines by Transient Simulation Using Mesh Deformation and Mesh Connection Techniques
D,一区,2023,IEEE Transactions on Industrial Electronics,Yanqi Wei,7,3,article,10.1109/tie.2023.3331144,Unified Analytical Modeling of Armature Magnetic Field of Slotless PM Motor With Equidirectional Toroidal Winding
D,一区,2022,IEEE Transactions on Industrial Electronics,Baocheng Guo,8,32,article,10.1109/tie.2022.3159952,Nonlinear Semianalytical Model for Axial Flux Permanent-Magnet Machine
D,一区,2020,IEEE Transactions on Industrial Electronics,Jiangtao Yang,3,36,article,10.1109/tie.2020.3005107,Development and Analysis of an Outer Rotor Homopolar Inductor Machine for Flywheel Energy Storage System
D,一区,2017,Mechanical Systems and Signal Processing,Lei Li,4,47,article,10.1016/j.ymssp.2017.06.024,Numerical simulation and experimental research of the flow force and forced vibration in the nozzle-flapper valve
D,一区,2024,IEEE Transactions on Industrial Electronics,Litao Dai,4,22,article,10.1109/tie.2024.3379651,Multi-Electromagnetic Performance Optimization of Double-Layer Interior Permanent Magnet Synchronous Machine
D,一区,2017,IEEE Transactions on Industrial Electronics,Hyun-Woo Jun,4,27,article,10.1109/tie.2017.2736501,Optimal Design of the PMSM Retaining Plate With 3-D Barrier Structure and Eddy-Current Loss-Reduction Effect
D,一区,2018,Mechanical Systems and Signal Processing,Franco Mastroddi,4,33,article,10.1016/j.ymssp.2018.12.023,Time- and frequency-domain linear viscoelastic modeling of highly damped aerospace structures
D,一区,2026,IEEE Transactions on Industrial Electronics,Mohammadreza Hojati,4,2,article,10.1109/tie.2026.3697473,Torque Ripple and Vibration Reduction in BLDC Motors Using a Bilayer Stator Structure
D,一区,2021,IEEE Transactions on Industrial Electronics,Zhilei Zheng,5,33,article,10.1109/tie.2021.3109521,Efficient Optimization Design Method of PMSLM Based on Deep Adaptive Ridge Regression With Embedded Analytical Mapping Function
D,一区,2022,Mechanical Systems and Signal Processing,Zhi-cheng Qiu,3,34,article,10.1016/j.ymssp.2022.109362,Trajectory planning and vibration control of translation flexible hinged plate based on optimization and reinforcement learning algorithm
D,一区,2020,IEEE Transactions on Industrial Electronics,Konstantin Vostrov,5,20,article,10.1109/tie.2020.2984455,Mitigating Noncirculating Bearing Currents by a Correct Stator Magnetic Circuit and Winding Design
D,一区,2018,IEEE Transactions on Industrial Electronics,Jan Bárta,6,32,article,10.1109/tie.2018.2879285,Squirrel-Cage Rotor Design and Manufacturing for High-Speed Applications
D,一区,2015,IEEE Transactions on Industrial Electronics,Nicolas Leboeuf,6,34,article,10.1109/tie.2014.2387338,Effects of Imperfect Manufacturing Process on Electromagnetic Performances and Online Inter-turn Fault Detection in PMSMs
D,一区,2022,IEEE Transactions on Industrial Electronics,Jing Wang,5,24,article,10.1109/tie.2022.3183341,Design and Performance Comparison of Novel Flux-Concentrating IPM Machines for Power Generation System Application of Extended-Range Electric Vehicle
D,一区,2023,IEEE Transactions on Industrial Electronics,Wenping Cao,7,15,article,10.1109/tie.2023.3303635,Diagnosis of High-Resistance Connection Faults in PMSMs Based on GMR and Deep Learning
D,一区,2018,IEEE Transactions on Industrial Electronics,Yunchong Wang,3,33,article,10.1109/tie.2018.2849970,A Novel Dual-Rotor Bidirectional Flux-Modulation PM Generator for Stand-Alone DC Power Supply
D,一区,2023,Mechanical Systems and Signal Processing,Zhi-cheng Qiu,3,37,article,10.1016/j.ymssp.2023.110502,Multi-agent reinforcement learning vibration control and trajectory planning of a double flexible beam coupling system
D,一区,2023,IEEE Transactions on Industrial Electronics,Baichuan Xu,5,3,article,10.1109/tie.2023.3247779,D-Q Axis Inductance Analytical Calculation for Fractional-Slot Distributed Winding IPM Motor Based on Big-Small Pole Space Method
D,一区,2022,IEEE Transactions on Industrial Electronics,Xinggang Fan,6,30,article,10.1109/tie.2022.3183338,Fast Calculation of Strand Eddy Current Loss in Inverter-Fed Electrical Machines
D,一区,2017,IEEE Transactions on Industrial Electronics,Xiaohui Yang,4,18,article,10.1109/tie.2017.2774727,"New Excitation Method for Sandwich Transducer Using Bending Composite Vibrations: Modeling, Simulation, and Experimental Evaluation"
D,一区,2016,IEEE Transactions on Industrial Electronics,Tianshi Wang,7,25,article,10.1109/tie.2016.2587816,Fabrication and Experimental Analysis of an Axially Laminated Flux-Switching Permanent-Magnet Machine
D,一区,2025,IEEE Transactions on Industrial Electronics,Hao Chen,6,2,article,10.1109/tie.2025.3566755,"A New Yokeless Stator Structure With Low Loss and High Mechanical Strength for AFPM Motor: Design, Analysis and Experimental Verification"
D,一区,2016,Mechanical Systems and Signal Processing,Jinxin Liu,4,28,article,10.1016/j.ymssp.2016.02.065,Multiple-source multiple-harmonic active vibration control of variable section cylindrical structures: A numerical study
D,一区,2021,IEEE Transactions on Power Electronics,Fandan Zhao,6,28,article,10.1109/tpel.2021.3105441,Research on Bipolar Non-salient Pole Transmitter for High-power EV Dynamic Wireless Power Transfer System
D,一区,2020,IEEE Transactions on Industrial Electronics,Wenping Chai,4,24,article,10.1109/tie.2020.2982100,Analysis and Design of a PM-Assisted Wound Rotor Synchronous Machine With Reluctance Torque Enhancement
D,一区,2022,IEEE Transactions on Industrial Electronics,Changwoo Lee,2,18,article,10.1109/tie.2022.3174240,Topology Optimization Framework for Simultaneously Determining the Optimal Structural Design and Current Phase Angle of the IPMSMs for the MTPA Control
D,一区,2025,IEEE Transactions on Industrial Electronics,Zeyuan Liu,4,1,article,10.1109/tie.2025.3594451,A Three-Degree-of-Freedom Bearingless Switched Reluctance Motor With Biased Permanent Magnets
D,一区,2022,IEEE Transactions on Industrial Informatics,Zhilei Zheng,4,12,article,10.1109/tii.2022.3224976,Thrust Bandwidth Modeling and Optimization of PMSLM Based on Analytic Kernel-Embedded Elastic-Net Regression
D,一区,2018,IEEE Transactions on Industrial Electronics,Yibo Li,5,24,article,10.1109/tie.2018.2832018,Analysis and Performance Evaluation of an Efficient Power-Fed Permanent Magnet Adjustable Speed Drive
D,一区,2023,IEEE Transactions on Industrial Electronics,Mehrage Ghods,5,28,article,10.1109/tie.2023.3243307,Design of an L-Shaped Array Vernier Permanent Magnet Machine for Unmanned Aerial Vehicle Propulsion Using a Schwarz–Christoffel Mapping-Based Equivalent Magnetic Network Model
D,一区,2024,IEEE Transactions on Power Electronics,Yoon-Ro Lee,2,18,article,10.1109/tpel.2024.3382129,Switching Frequency Signal-Injection Sensorless Control in Dual Three-Phase PMSM Robust to Nonideal Characteristics of Inverter System
D,一区,2026,IEEE Transactions on Industrial Electronics,Xiang Li,7,2,article,10.1109/tie.2026.3651367,Design and Analysis of a Novel Dual-Rotor Toroidally Wound Slotted Limited-Angle Torque Motor With Flat Wire for Torque Improvement
D,一区,2025,IEEE Transactions on Industrial Electronics,Joon-Hee Lee,3,0,article,10.1109/tie.2025.3626586,A Data-Driven Inverse Flux Map-Based on Finite Element Analysis for High-Fidelity Induction Motor Simulation Model
D,一区,2026,Mechanical Systems and Signal Processing,Yajun Xu,8,1,article,10.1016/j.ymssp.2026.114034,Vibration analysis of the propulsion shaft system caused by motor manufacturing imperfections based on electromechanical dynamic model
D,一区,2023,IEEE Transactions on Industrial Electronics,Ye Liu,4,10,article,10.1109/tie.2023.3329225,Design and Performance Optimization of Flux-Focusing PMSMs With Consequent-Pole Rotor Considering PM Utilization Ratio
D,一区,2022,IEEE Transactions on Industrial Electronics,Claudia Violeta Pop,2,8,article,10.1109/tie.2022.3187582,"Purely Electromagnetic Propulsion System With Two Transmission Levels—Design, Numerical, and Experimental Results"
D,一区,2025,IEEE Transactions on Industrial Electronics,Shihao Gao,7,1,article,10.1109/tie.2025.3536551,Research on Modeling and Analysis Method of Wireless Transmission Attitude Detection System for Reluctance Spherical Motor
D,一区,2025,IEEE Transactions on Industrial Electronics,Zeeshan Rayeen,2,1,article,10.1109/tie.2025.3569973,Design Methodology and Analytical Model for Higher Phase Switched Reluctance Motor Considering Mutual Coupling and Saturation Effect
D,一区,2024,IEEE Transactions on Industrial Electronics,Yu Ding,5,7,article,10.1109/tie.2024.3472210,A Fast and Accurate Analytical Model for Calculating Electromagnetic Performance of Helical Winding Slotless PMSMs
D,一区,2018,IEEE Transactions on Industrial Electronics,AKM Arafat,2,23,article,10.1109/tie.2018.2829685,Active Current Harmonic Suppression for Torque Ripple Minimization at Open-Phase Faults in a Five-Phase PMa-SynRM
D,一区,2024,IEEE Transactions on Industrial Electronics,Zhanpeng Cui,5,9,article,10.1109/tie.2024.3497316,A Low Rotor Eddy Current Loss Design Approach to HSPMSM for Small-Scale Magnetically Suspended Turbomolecular Pump
D,一区,2019,IEEE Transactions on Industrial Electronics,Mohammad A. Masadeh,2,15,article,10.1109/tie.2019.2931237,Induction Machine Parameters Determination and the Impact of Stator/Rotor Leakage Split Ratio on Its Performance
D,一区,2023,IEEE Transactions on Industrial Electronics,Ang Liu,6,5,article,10.1109/tie.2023.3253945,A Natural Position Observer With Vertical Detection Coil for FSCW Machines
D,一区,2024,Mechanical Systems and Signal Processing,Yongxing Song,4,10,article,10.1016/j.ymssp.2024.111647,Research on unbalanced characteristics of axial-varying eccentric rotor based on signal demodulation
D,一区,2025,Mechanical Systems and Signal Processing,S. Moloverya Kavugho,5,12,article,10.1016/j.ymssp.2025.113245,Model-based fault diagnosis and monitoring of induction machine bearing fault
D,一区,2023,IEEE Transactions on Industrial Electronics,Feng Liu,3,12,article,10.1109/tie.2023.3342326,"Electromagnetic Performance Analysis, Prediction, and Multiobjective Optimization for U-Type IPMSM"
D,一区,2023,IEEE Transactions on Industrial Informatics,Fei Dong,6,9,article,10.1109/tii.2023.3333847,Robust Design Optimization of PMSLM Based on I-MEABP Neural Network
D,一区,2021,IEEE Transactions on Industrial Electronics,Md Khurshedul Islam,4,11,article,10.1109/tie.2021.3135638,Design of High-Power Ultra-High-Speed Rotor for Portable Mechanical Antenna Drives
D,一区,2026,IEEE Transactions on Industrial Electronics,Naixi Xu,3,3,article,10.1109/tie.2025.3642439,Hierarchical Multiobjective Optimization of Spoke-Type Axial-Flux PMSMs Using Transfer Learning and Improved Grey Wolf Algorithm
D,一区,2024,IEEE Transactions on Power Electronics,Haitao Li,3,3,article,10.1109/tpel.2024.3372108,Low-Power Consumption Control Method for BLDCM With Very Small Inductance and Nonideal Back EMF
D,一区,2025,IEEE Transactions on Industrial Electronics,Baocheng Guo,3,2,article,10.1109/tie.2025.3552263,A Novel Magnetic Permeance Network Model for SPM Machine With Bread-Loaf Structure
D,一区,2024,IEEE Transactions on Industrial Electronics,Salma Benharref,5,3,article,10.1109/tie.2024.3482006,Fast Computational Method for PWM Strategy Comparison of Machine and Inverter Electrical Losses: Application on WLTC Cycle
D,一区,2025,IEEE Transactions on Industrial Electronics,Yang Xiao,8,2,article,10.1109/tie.2025.3595983,Six-Phase Electric-Drive-Reconfiguration System With Multiple Fault-Tolerant Operations for Electric Light Tactical Vehicle
D,一区,2026,IEEE Transactions on Industrial Electronics,Jie Deng,7,3,article,10.1109/tie.2026.3670356,Development of a 2-DOF Rotary Ultrasonic Actuator for Reflector Steering
D,一区,2025,IEEE Transactions on Industrial Electronics,Xiaoyuan Zhu,4,1,article,10.1109/tie.2025.3642390,Physics-Informed Machine Learning With Dual Kalman Filter for Rotor Temperature Estimation in Induction Machines
D,一区,2025,IEEE Transactions on Industrial Electronics,Hongbo Qiu,4,2,article,10.1109/tie.2025.3603044,Improvement in Performance of Flux-Torque Regulation Hybrid Excitation Machine With Fractional Slot Concentrated Winding
D,一区,2025,Mechanical Systems and Signal Processing,Doo-Young Kim,3,2,article,10.1016/j.ymssp.2025.113776,Rotor eccentricity in electric machines: An analytical framework with experimental validation for fault diagnosis
D,一区,2024,IEEE Transactions on Industrial Informatics,Sarbajit Paul,4,1,article,10.1109/tii.2024.3396914,Chucking System With Built-in Sensor Unit for Gripping Force Monitoring in High Force Electromechanical Actuator
E,一区,2021,IEEE Transactions on Geoscience and Remote Sensing,Xiaoyue Cao,5,13,article,10.1109/tgrs.2021.3077510,3-D Inversion of Z-Axis Tipper Electromagnetic Data Using Finite-Element Method With Unstructured Tetrahedral Grids
E,一区,2021,IEEE Transactions on Geoscience and Remote Sensing,Mohamed Hesham Elbadry,3,4,article,10.1109/tgrs.2021.3124839,Electromagnetic Finite-Element Modeling of Induction Effects for Buried Objects in Magnetic Soils
E,一区,2023,IEEE Transactions on Geoscience and Remote Sensing,Hanbo Chen,6,4,article,10.1109/tgrs.2023.3268871,Three-Dimensional Modeling of Marine Controlled Source Electromagnetic Using a New High-Order Finite Element Method With an Absorption Boundary Condition
E,一区,2025,IEEE Transactions on Geoscience and Remote Sensing,Jiawen Li,4,4,article,10.1109/tgrs.2025.3533142,Electromagnetic FWI of 2-D Inhomogeneous Objects Straddling Multiple Planar Layers by Finite-Element Boundary Integral and Levenberg–Marquardt Methods
E,一区,2018,IEEE Transactions on Geoscience and Remote Sensing,Yunyun Hu,5,47,article,10.1109/tgrs.2018.2825430,Electromagnetic Waves in Multilayered Generalized Anisotropic Media
E,一区,2019,IEEE Transactions on Geoscience and Remote Sensing,Zhihai Jiang,4,50,article,10.1109/tgrs.2019.2898904,Surface-to-Underground Transient Electromagnetic Detection of Water-Bearing Goaves
E,一区,2022,IEEE Transactions on Geoscience and Remote Sensing,Xue Han,8,30,article,10.1109/tgrs.2022.3153026,3D Finite-Element Forward Modeling of Airborne EM Systems in Frequency-Domain Using Octree Meshes
E,一区,2024,IEEE Transactions on Geoscience and Remote Sensing,Zhidan Long,5,16,article,10.1109/tgrs.2024.3353211,Three-Dimensional Inversion of CSEM Data Using Finite Element Method in Data Space
E,一区,2017,IEEE Transactions on Geoscience and Remote Sensing,Yi Ren,5,34,article,10.1109/tgrs.2016.2647618,A Higher Order Hybrid SIE/FEM/SEM Method for the Flexible Electromagnetic Simulation in Layered Medium
E,一区,2020,IEEE Transactions on Geoscience and Remote Sensing,Decheng Hong,6,19,article,10.1109/tgrs.2020.3040193,An Analytic Algorithm for Dipole Electromagnetic Field in Fully Anisotropic Planar-Stratified Media
E,一区,2023,IEEE Transactions on Geoscience and Remote Sensing,Ce Qin,5,9,article,10.1109/tgrs.2023.3324461,High-Accuracy 3-D TEM Forward Modeling Using Adaptive Finite Element Method
E,一区,2019,IEEE Transactions on Geoscience and Remote Sensing,Xufei Hu,5,16,article,10.1109/tgrs.2019.2952952,Electromagnetic Logging Response in Multilayered Formation With Arbitrary Uniaxially Electrical Anisotropy
E,一区,2021,IEEE Transactions on Geoscience and Remote Sensing,Jie Liu,4,22,article,10.1109/tgrs.2021.3085892,3-D Numerical Mode Matching Method for Off- Centered Electromagnetic Well Logging Tools in Noncircular Vertical Borehole and Invasion Zones in Multilayered Media
E,一区,2019,IEEE Transactions on Geoscience and Remote Sensing,Yuan Fang,6,18,article,10.1109/tgrs.2019.2891674,A Hybrid 3-D Electromagnetic Method for Induction Detection of Hydraulic Fractures Through a Tilted Cased Borehole in Planar Stratified Media
E,一区,2024,IEEE Transactions on Geoscience and Remote Sensing,Chenchen Shu,4,7,article,10.1109/tgrs.2024.3454113,3-D Forward Modeling of Semi-Airborne TEM Method With IP Effect Based on Goal-Oriented Adaptive Finite Element Algorithm
E,一区,2024,IEEE Transactions on Geoscience and Remote Sensing,Ce Qin,4,6,article,10.1109/tgrs.2024.3468395,3-D Joint Inversion of MT and CSEM Data Based on Adaptive Finite-Element Forward Modeling
E,一区,2024,IEEE Transactions on Geoscience and Remote Sensing,Jun Li,6,3,article,10.1109/tgrs.2024.3520236,Three-Dimensional Time-Domain Finite-Element Modeling of Seismoelectric Waves
E,一区,2023,IEEE Transactions on Geoscience and Remote Sensing,Bo Zhang,8,9,article,10.1109/tgrs.2023.3276701,Three-Dimensional Airborne Electromagnetic Data Inversion With Flight Altitude Correction
E,一区,2022,IEEE Transactions on Geoscience and Remote Sensing,Yunhe Liu,8,6,article,10.1109/tgrs.2022.3231921,3-D Forward Modeling of Transient EM Field in Rough Media Using Implicit Time-Domain Finite-Element Method
E,一区,2018,IEEE Transactions on Geoscience and Remote Sensing,Bin Chen,4,5,article,10.1109/tgrs.2018.2822679,Surface NMR Responses of Typical 3-D Water-Bearing Structures Evaluated by a Vector Finite-Element Method
E,一区,2023,IEEE Transactions on Geoscience and Remote Sensing,Tianjiao Li,3,4,article,10.1109/tgrs.2023.3292294,Three-Dimensional Forward Modeling of Ground Wire Source Transient Electromagnetic Data Using the Meshless Generalized Finite Difference Method
E,一区,2021,IEEE Transactions on Geoscience and Remote Sensing,Ying Zhai,4,8,article,10.1109/tgrs.2021.3108140,Characterization of Hydraulic Fractures With Triaxial Electromagnetic Induction and Sector Coil Rotation Measurement
E,一区,2023,IEEE Transactions on Geoscience and Remote Sensing,Yibing Yu,4,9,article,10.1109/tgrs.2023.3241150,2-D Modeling and Analysis of Time-Domain Electromagnetic Anomalous Diffusion With Space-Fractional Derivative
E,一区,2024,IEEE Transactions on Geoscience and Remote Sensing,Taoming Lu,4,5,article,10.1109/tgrs.2024.3393496,The Transient Electromagnetic Characteristics of Multitarget Unexploded Ordnance (UXO)
E,一区,2022,IEEE Transactions on Geoscience and Remote Sensing,Dezhi Wang,7,5,article,10.1109/tgrs.2022.3170571,NMM Simulation of Electromagnetic Waves in Cylindrical Geometries With an Extremely Thin Vertical Layer
E,一区,2023,IEEE Transactions on Geoscience and Remote Sensing,A. Kaleo Roberts,6,6,article,10.1109/tgrs.2023.3340198,Microwave Backscatter Phenomenology of Corn Fields at L-Band Using a Full-Wave Electromagnetic Solver
E,一区,2024,IEEE Transactions on Geoscience and Remote Sensing,Ranming Liu,6,9,article,10.1109/tgrs.2024.3398030,Analysis and Experimental Research on the Factors Affecting Downhole Inductive Electromagnetic Wave Wireless Short-Hop Transmission
E,一区,2023,IEEE Transactions on Geoscience and Remote Sensing,Jingyu Gao,8,5,article,10.1109/tgrs.2023.3286977,Three-Dimensional Transient Electromagnetic Forward Modeling for Simulating Arbitrary Source Waveform Using Convolution Approach
E,一区,2025,IEEE Transactions on Geoscience and Remote Sensing,Wenlong Gao,4,2,article,10.1109/tgrs.2025.3565113,2-D Imaging for 3-D Ground Frequency-Domain CSEM Based on Vector Finite Element
E,一区,2015,IEEE Transactions on Geoscience and Remote Sensing,Lixin Guo,2,38,article,10.1109/tgrs.2014.2386894,An Efficient Multiregion FEM-BIM for Composite Scattering From an Arbitrary Dielectric Target Above Dielectric Rough Sea Surfaces
E,一区,2016,IEEE Transactions on Geoscience and Remote Sensing,Yuan Fang,5,37,article,10.1109/tgrs.2016.2620482,Through-Casing Hydraulic Fracture Evaluation by Induction Logging I: An Efficient EM Solver for Fracture Detection
E,一区,2020,IEEE Transactions on Geoscience and Remote Sensing,Zhidan Long,5,39,article,10.1109/tgrs.2020.2976111,Parallelized 3-D CSEM Inversion With Secondary Field Formulation and Hexahedral Mesh
E,一区,2024,IEEE Transactions on Geoscience and Remote Sensing,Yong’an Zhou,4,2,article,10.1109/tgrs.2024.3386737,Response Characteristics of Transient Electromagnetic Methods for Unexploded Ordnances Considering Metal Shell Thickness and Shell Fragments
E,一区,2024,IEEE Transactions on Geoscience and Remote Sensing,Junwen Dai,4,2,article,10.1109/tgrs.2024.3417374,Efficient Computation of Electromagnetic Waves Under Cylindrical Geometries Using Spectral Numerical Mode Matching (SNMM) Method
E,一区,2024,IEEE Transactions on Geoscience and Remote Sensing,T. Liu,3,2,article,10.1109/tgrs.2024.3435795,Electromagnetic Fields Computation of Planar-Distribution Sources in Anisotropic Planar-Stratified Media With an Equivalent Boundary Approach
E,一区,2025,IEEE Transactions on Geoscience and Remote Sensing,Yingqiang Ran,6,0,article,10.1109/tgrs.2025.3600408,3-D Fourier Finite Element Modeling of Controlled-Source Electromagnetic Responses in Anisotropic Media
E,一区,2024,IEEE Transactions on Geoscience and Remote Sensing,Yixin Ye,4,0,article,10.1109/tgrs.2024.3407671,Finite-Element Scheme With Total-Field for 3-D Marine Controlled-Source Electromagnetic Modeling With Bathymetry and Multisources
E,一区,2020,IEEE Transactions on Geoscience and Remote Sensing,Yanfu Qi,8,29,article,10.1109/tgrs.2020.3036084,3-D Time-Domain Airborne EM Inversion for a Topographic Earth
E,一区,2026,IEEE Transactions on Geoscience and Remote Sensing,Xinhao Chen,7,0,article,10.1109/tgrs.2026.3670297,An Efficient and Scalable Multigrid Solver for 3-D Natural Source Electromagnetic Diffusion Problems Based on Finite Element Method
E,一区,2025,IEEE Transactions on Geoscience and Remote Sensing,Xin Gao,8,0,article,10.1109/tgrs.2025.3594486,An Efficient and Scalable Finite Element Method for 3-D Transient Electromagnetic Forward Modeling Using a Robust Iterative Solver
E,一区,2025,IEEE Transactions on Geoscience and Remote Sensing,Shuangyan Yang,7,1,article,10.1109/tgrs.2025.3583393,Three-Dimensional Forward Modeling for Grounded-Source Semi-Airborne Transient Electromagnetic Method With IP Effect Directly in Time Domain Based on SOE Approximation
E,一区,2021,IEEE Transactions on Geoscience and Remote Sensing,Zhidan Long,4,14,article,10.1109/tgrs.2021.3086330,3-D Inversion of CSEM Data With Hexahedral Mesh in the Multinary Model Space
E,一区,2023,IEEE Transactions on Geoscience and Remote Sensing,Xianneng Xu,2,7,article,10.1109/tgrs.2023.3268727,Modeling and Analysis of Litz Wire Radio Frequency (RF) Coil in Inside-Out NMR Well Logging Sensor
E,一区,2022,IEEE Transactions on Geoscience and Remote Sensing,Xinchong Zhang,5,13,article,10.1109/tgrs.2022.3225226,3-D Time-Domain Airborne EM Forward Modeling With IP Effect Based on Implicit Difference Discretization of Caputo Operator
E,一区,2019,IEEE Transactions on Geoscience and Remote Sensing,Wei‐Feng Huang,7,9,article,10.1109/tgrs.2019.2914611,Thin Dielectric Sheet-Based Surface Integral Equation for the Scattering Simulation of Fractures in a Layered Medium
E,一区,2021,IEEE Transactions on Geoscience and Remote Sensing,Yang Zhong,7,5,article,10.1109/tgrs.2021.3075075,A Hybrid Loop-Tree FEBI Method for Low-Frequency Well Logging of 3-D Structures in Layered Media
E,一区,2023,IEEE Transactions on Geoscience and Remote Sensing,Zhuo Jia,6,8,article,10.1109/tgrs.2023.3335128,Magnetotelluric Closed-Loop Inversion
E,一区,2021,IEEE Transactions on Geoscience and Remote Sensing,Xiaodong Yang,5,6,article,10.1109/tgrs.2021.3079316,Goal-Oriented 3-D Time-Domain Marine CSEM Modeling With Anisotropy and Topography
E,一区,2025,IEEE Transactions on Geoscience and Remote Sensing,Shengzhe Wu,4,3,article,10.1109/tgrs.2025.3594153,Solving the Maxwell’s Equations From Magnetic Dipole Sources in 2.5-D TI Medium With PINNs
E,一区,2025,IEEE Transactions on Geoscience and Remote Sensing,Jiren Liu,6,1,article,10.1109/tgrs.2025.3572765,A Novel Restarted Rational Krylov Subspace Algorithm for 3-D Multifrequency CSEM Forward Modeling
E,一区,2025,IEEE Transactions on Geoscience and Remote Sensing,Zhidan Long,6,1,article,10.1109/tgrs.2025.3641202,3-D Anisotropic CSEM Inversion With an Effective Gramian-Based Constraint
E,一区,2024,IEEE Transactions on Geoscience and Remote Sensing,Yang Li,6,0,article,10.1109/tgrs.2024.3510377,Numerical Simulation Study on Electrical Properties of Proppant-Containing Fracture Fillers
E,二区(电磁专业),2015,Journal of Computational Physics,Anja Sommer,3,10,article,10.1016/j.jcp.2015.06.024,Certified dual-corrected radiation patterns of phased antenna arrays by offline–online order reduction of finite-element models
E,二区(电磁专业),2016,Engineering Analysis with Boundary Elements,Yingbin Chai,5,49,article,10.1016/j.enganabound.2016.08.005,Analysis of underwater acoustic scattering problems using stable node-based smoothed finite element method
E,二区(电磁专业),2019,Engineering Analysis with Boundary Elements,Junhong Yue,4,13,article,10.1016/j.enganabound.2019.01.009,An edge-based smoothed finite element method for wave scattering by an obstacle in elastic media
E,二区(电磁专业),2021,Engineering Analysis with Boundary Elements,Yu Wang,4,13,article,10.1016/j.enganabound.2021.05.015,A stable node-based smoothed finite element method with PML technique for the elastic wave obstacle scattering
E,二区(电磁专业),2023,Engineering Analysis with Boundary Elements,Guoling Xuan,4,13,article,10.1016/j.enganabound.2023.10.023,An edge-based smoothed finite element method combined with Newmark method for time domain acoustic wave scattering problem
E,二区(电磁专业),2023,Journal of Computational Physics,Junhong Yue,2,8,article,10.1016/j.jcp.2023.112606,Numerical solution of the cavity scattering problem for flexural waves on thin plates: Linear finite element methods
E,二区(电磁专业),2016,Engineering Analysis with Boundary Elements,Li Yang,3,5,article,10.1016/j.enganabound.2016.11.001,Boundary element analysis of bar silencers using the scattering matrix with two-dimensional finite element modes
E,二区(电磁专业),2015,Journal of Computational Physics,Hauke Gravenkamp,3,92,article,10.1016/j.jcp.2015.04.032,Simulation of elastic guided waves interacting with defects in arbitrarily long structures using the Scaled Boundary Finite Element Method
E,二区(电磁专业),2018,Finite Elements in Analysis and Design,Marwa Mallouli,6,7,article,10.1016/j.finel.2018.04.011,Transient wave scattering and forced response analysis of damaged composite beams through a hybrid finite element-wave based method
E,二区(电磁专业),2025,Journal of Computational Physics,Yu Wang,4,3,article,10.1016/j.jcp.2025.114016,An adaptive Dirichlet-to-Neumann finite element method for the thermoelastic scattering problem
E,二区(电磁专业),2018,Journal of Computational Physics,M.A. Badri,4,52,article,10.1016/j.jcp.2018.01.027,High performance computation of radiative transfer equation using the finite element method
E,二区(电磁专业),2015,Finite Elements in Analysis and Design,Johannes Wimmer,4,45,article,10.1016/j.finel.2015.10.005,Computational homogenisation from a 3D finite element model of asphalt concrete—linear elastic computations
E,二区(电磁专业),2017,Engineering Analysis with Boundary Elements,Yingbin Chai,5,37,article,10.1016/j.enganabound.2017.09.006,A smoothed finite element method for exterior Helmholtz equation in two dimensions
E,二区(电磁专业),2024,Journal of Computational Physics,Yingxia Xi,2,3,article,10.1016/j.jcp.2024.113539,A finite element contour integral method for computing the scattering resonances of fluid-solid interaction problem
E,二区(电磁专业),2015,Journal of Computational Physics,Ruming Zhang,2,11,article,10.1016/j.jcp.2015.09.016,Efficient finite element method for grating profile reconstruction
E,二区(电磁专业),2019,Journal of Computational Physics,Liqun Wang,4,22,article,10.1016/j.jcp.2019.04.051,A Petrov-Galerkin finite element interface method for interface problems with Bloch-periodic boundary conditions and its application in phononic crystals
E,二区(电磁专业),2025,International Journal for Numerical Methods in Engineering,Sijia Li,3,1,article,10.1002/nme.70177,A Posteriori Error Estimate and Adaptive Algorithm of the Finite Element Method for Elastic Scattering From Anisotropic Media With Transparent Boundary Condition
E,二区(电磁专业),2019,Computer Methods in Applied Mechanics and Engineering,Yidu Yang,3,13,article,10.1016/j.cma.2019.112697,A type of adaptive C0 non-conforming finite element method for the Helmholtz transmission eigenvalue problem
E,二区(电磁专业),2018,Journal of Computational Physics,Cristiano Pimenta,3,22,article,10.1016/j.jcp.2018.07.019,A fast numerical framework to compute acoustic scattering by poroelastic plates of arbitrary geometry
E,二区(电磁专业),2016,Computer Methods in Applied Mechanics and Engineering,Eyal Amitt,3,19,article,10.1016/j.cma.2016.08.031,Combined arrival-time imaging and time reversal for scatterer identification
E,二区(电磁专业),2022,Finite Elements in Analysis and Design,Sakib Iqbal,5,6,article,10.1016/j.finel.2022.103865,Probabilistic finite element analysis of sheet molding compound composites with an extended strength distribution model
E,二区(电磁专业),2015,Journal of Computational Physics,Hui Zheng,5,111,article,10.1016/j.jcp.2015.10.020,A meshfree local RBF collocation method for anti-plane transverse elastic wave propagation analysis in 2D phononic crystals
E,二区(电磁专业),2016,Engineering Analysis with Boundary Elements,P. Wang,2,10,article,10.1016/j.enganabound.2016.09.014,Impedance-to-scattering matrix method for large silencer analysis using direct collocation
E,二区(电磁专业),2023,Journal of Computational Physics,Lingxiao Li,3,2,article,10.1016/j.jcp.2023.112135,An energy-stable finite element method for nonlinear Maxwell's equations
E,二区(电磁专业),2023,Engineering Analysis with Boundary Elements,Yuwang Liang,5,8,article,10.1016/j.enganabound.2023.10.007,Semi-analytical solution of seismic wave scattering by composite topography of the alpine valley
E,二区(电磁专业),2019,Engineering Analysis with Boundary Elements,Atefeh Nohegoo-Shahvari,3,18,article,10.1016/j.enganabound.2019.04.020,A hybrid time-domain half-plane FE/BE approach for SH-wave scattering of alluvial sites
E,二区(电磁专业),2022,Engineering Analysis with Boundary Elements,Zhongxian Liu,3,16,article,10.1016/j.enganabound.2022.04.017,Three-dimensional IBEM solution to seismic wave scattering by a near-fault sedimentary basin
E,二区(电磁专业),2017,Engineering Analysis with Boundary Elements,Santanu Koley,2,80,article,10.1016/j.enganabound.2017.02.019,Wave interaction with a submerged semicircular porous breakwater placed on a porous seabed
E,二区(电磁专业),2015,Engineering Analysis with Boundary Elements,Harekrushna Behera,3,57,article,10.1016/j.enganabound.2015.03.010,Wave transmission by partial porous structures in two-layer fluid
E,二区(电磁专业),2016,International Journal for Numerical Methods in Engineering,Hui Zheng,6,48,article,10.1002/nme.5366,A local RBF collocation method for band structure computations of 2D solid/fluid and fluid/solid phononic crystals
E,二区(电磁专业),2020,Engineering Analysis with Boundary Elements,P. Wang,4,6,article,10.1016/j.enganabound.2020.07.022,"Impedance-to-scattering matrix method for large silencers Part II: Integral formulation, acoustic reciprocity and practical issues"
E,二区(电磁专业),2021,Engineering Analysis with Boundary Elements,Yanpeng Li,4,23,article,10.1016/j.enganabound.2021.07.007,Coupled FEM/SBFEM investigation on the characteristic analysis of seismic motions of a trapezoidal canyon in a layered half-space
E,二区(电磁专业),2022,Engineering Analysis with Boundary Elements,R. Gayathri,3,30,article,10.1016/j.enganabound.2022.06.002,Attenuation of wave force on a floating dock by multiple porous breakwaters
E,二区(电磁专业),2024,Engineering Analysis with Boundary Elements,Hai Zhang,5,5,article,10.1016/j.enganabound.2024.04.018,A coupled SBFEM-IBIEM method for the solution of wave scattering by a hill with fissures under SV waves
E,二区(电磁专业),2016,Engineering Analysis with Boundary Elements,Hui Zheng,5,44,article,10.1016/j.enganabound.2016.01.012,Band structure computation of in-plane elastic waves in 2D phononic crystals by a meshfree local RBF collocation method
E,二区(电磁专业),2025,Engineering Analysis with Boundary Elements,Chen Yang,3,3,article,10.1016/j.enganabound.2025.106427,Semi-analytical FEM for modeling 2D guided wave scattering by interface delamination in composite laminates
E,二区(电磁专业),2026,Engineering Analysis with Boundary Elements,Gagan Sahoo,3,4,article,10.1016/j.enganabound.2026.106646,Scattering of capillary-gravity waves by surface-piercing porous barriers in the presence of uniform current over a porous sea bed
E,二区(电磁专业),2018,Journal of Computational Physics,Yingxia Xi,3,20,article,10.1016/j.jcp.2018.07.053,A C0IP method of transmission eigenvalues for elastic waves
E,二区(电磁专业),2024,Engineering Analysis with Boundary Elements,Meiling Zhao,4,3,article,10.1016/j.enganabound.2024.105813,Contrast reconstruction of overfilled cavities by incorporating multi-frequency scattering fields and attention mechanism into two-step learning method
E,二区(电磁专业),2016,Engineering Analysis with Boundary Elements,L. Godinho,3,15,article,10.1016/j.enganabound.2016.05.001,Efficient analysis of sound propagation in sonic crystals using an ACA–MFS approach
E,二区(电磁专业),2015,Engineering Analysis with Boundary Elements,Yixiao Qin,4,19,article,10.1016/j.enganabound.2015.11.006,Crane hook stress analysis upon boundary interpolated reproducing kernel particle method
E,二区(电磁专业),2024,Computer Methods in Applied Mechanics and Engineering,Vianey Villamizar,3,1,article,10.1016/j.cma.2024.117221,Highly efficient iterative method for multiple scattering with high order local ABC
E,二区(电磁专业),2025,Journal of Computational Physics,Jiaxin Yan,5,1,article,10.1016/j.jcp.2025.114017,A FEM towards 3D multi-component elastic interface problems and phononic crystals with nested and intersected scatterer geometries
E,二区(电磁专业),2024,Engineering Analysis with Boundary Elements,Shaoyi Li,1,6,article,10.1016/j.enganabound.2024.02.006,Analysis of the vibration mitigation effects of pile barrier in unsaturated ground using the coupled BE and FE method
E,二区(电磁专业),2025,Engineering Analysis with Boundary Elements,M. Marshal Jins,4,8,article,10.1016/j.enganabound.2024.106111,Oblique wave interaction with a floating dock in the presence of inverted trapezoidal pile-rock breakwaters
E,二区(电磁专业),2024,Computer Methods in Applied Mechanics and Engineering,Wei Zhang,4,13,article,10.1016/j.cma.2024.117658,A novel active learning Kriging based on improved Metropolis-Hastings and importance sampling for small failure probabilities
E,二区(电磁专业),2023,Journal of Computational Physics,Yongchang Wu,5,5,article,10.1016/j.jcp.2023.112703,An immersed selective discontinuous Galerkin method in particle-in-cell simulation with adaptive Cartesian mesh and polynomial preserving recovery
E,二区(电磁专业),2024,Engineering Analysis with Boundary Elements,Pengnan Wang,5,2,article,10.1016/j.enganabound.2024.105926,A novel method for solving the seismic response of non-horizontally layered half-space
E,二区(电磁专业),2023,Journal of Computational Physics,Olivier Pironneau,2,1,article,10.1016/j.jcp.2023.112531,Reflective conditions for radiative transfer in integral form with H-matrices
E,二区(电磁专业),2026,Finite Elements in Analysis and Design,Kourosh Sayar Dogahe,4,0,article,10.1016/j.finel.2026.104627,A virtual fiber finite element framework for predicting the tensile behavior of twisted yarns with fiber property variability
E,二区(电磁专业),2026,Journal of Computational Physics,Michael Pozulp,4,0,article,10.1016/j.jcp.2026.115121,A hybrid Monte Carlo-deterministic second moment method with efficient variance reduction
F,二区(电磁专业),2019,IEEE Transactions on Magnetics,Silvano Cruciani,4,14,article,10.1109/tmag.2019.2949737,Finite-Element Modeling of Conductive Multilayer Shields by Artificial Material Single-Layer Method
F,二区(电磁专业),2020,IEEE Transactions on Magnetics,Brijesh Kumar Kushwaha,3,23,article,10.1109/tmag.2020.3028992,A Subdomain Analytical Model of Coil System With Magnetic Shields of Finite Dimensions and Finite Permeability for Wireless Power Transfer Systems
F,二区(电磁专业),2016,IEEE Transactions on Magnetics,Shiyan Ren,4,26,article,10.1109/tmag.2016.2575803,Shielding Effectiveness of Double-Layer Magnetic Shield of Current Comparator Under Radial Disturbing Magnetic Field
F,二区(电磁专业),2015,IEEE Transactions on Magnetics,I. Bardi,3,10,article,10.1109/tmag.2015.2474816,Modeling Periodic Layered Structures by Shell Elements Using the Finite-Element Method
F,二区(电磁专业),2019,IEEE Transactions on Magnetics,Tao Wang,4,10,article,10.1109/tmag.2019.2950082,Improvement of Magnetic Shielding for Transformers Based on the Magnetic Flux Characteristics at Shielding Ends
F,二区(电磁专业),2015,IEEE Transactions on Magnetics,Hyun Ho Park,4,14,article,10.1109/tmag.2015.2425796,Magnetic Shielding Analysis of a Ferrite Plate With a Periodic Metal Strip
F,二区(电磁专业),2022,IEEE Transactions on Magnetics,Τατιάνα Δαματοπούλου,6,10,article,10.1109/tmag.2022.3215927,Magnetic Shielding for Electric Car Power Cables
F,二区(电磁专业),2020,IEEE Transactions on Magnetics,B. Ayhan,2,13,article,10.1109/tmag.2019.2958534,Improved Magnetic Circuit Model for Magnetic Shielding Effectiveness in Rogowski Coil
F,二区(电磁专业),2017,IEEE Transactions on Magnetics,Youpeng Huangfu,3,17,article,10.1109/tmag.2017.2751958,Frequency-Dependent Multi-Conductor Transmission Line Model for Shielded Power Cables Considering Geometrical Dissymmetry
F,二区(电磁专业),2022,IEEE Transactions on Magnetics,Bojana Petković,5,11,article,10.1109/tmag.2022.3161736,Accuracy Assessment of Simplified Computation of Active and Passive Magnetic Shielding for Optically Pumped Magnetometers
F,二区(电磁专业),2023,IEEE Transactions on Magnetics,Xuefei Qin,6,16,article,10.1109/tmag.2023.3239898,Investigation of Bessel Functions in Analytical Modeling of Rotor Eddy Current Losses in PM Machine Rotor With Copper Shield
F,二区(电磁专业),2015,IEEE Transactions on Magnetics,Gaël Bringout,3,6,article,10.1109/tmag.2014.2329396,Performance of Shielded Electromagnet-Evaluation Under Low-Frequency Excitation
F,二区(电磁专业),2022,IEEE Transactions on Magnetics,Mohsen Nikkhoo,3,7,article,10.1109/tmag.2022.3179596,An Innovative Shielding Strategy for Stray Loss Reduction of Neutral Grounding Reactor
F,二区(电磁专业),2021,IEEE Transactions on Magnetics,Wenting Zhang,6,45,article,10.1109/tmag.2021.3092173,Comprehensive Analysis of Nanocrystalline Ribbon Cores in High-Power-Density Wireless Power Transfer Pads for Electric Vehicles
F,二区(电磁专业),2016,IEEE Transactions on Magnetics,Masood Moghaddami,3,61,article,10.1109/tmag.2016.2611479,Reduction of Stray Loss in Power Transformers Using Horizontal Magnetic Wall Shunts
F,二区(电磁专业),2021,IEEE Transactions on Magnetics,Susanne Bauer,4,2,article,10.1109/tmag.2021.3059820,Sensitivity Analysis of the Transfer Impedance of Shielded Cables With Braided Shields Using a Parameterized FEM Model
F,二区(电磁专业),2017,IEEE Transactions on Magnetics,Abla O. Hariri,3,44,article,10.1109/tmag.2017.2661722,An Integrated Characterization Model and Multiobjective Optimization for the Design of an EV Charger’s Circular Wireless Power Transfer Pads
F,二区(电磁专业),2017,IEEE Transactions on Magnetics,Tomonori Tsuburaya,3,2,article,10.1109/tmag.2017.2763958,Improvement of Block IC Preconditioner Using Fill-In Technique for Linear Systems Derived From Finite-Element Method Including Thin Elements
F,二区(电磁专业),2017,IEEE Transactions on Magnetics,Yinan Li,4,8,article,10.1109/tmag.2017.2751260,Comparative Study of a New Coil Design With Traditional Shielded Figure-of-Eight Coil for Transcranial Magnetic Stimulation
F,二区(电磁专业),2017,IEEE Transactions on Magnetics,Noman Baloch,3,31,article,10.1109/tmag.2017.2709339,A High Force Density HTS Tubular Vernier Machine
F,二区(电磁专业),2017,IEEE Transactions on Magnetics,Yoshifumi Okamoto,5,22,article,10.1109/tmag.2017.2669198,Convergence Acceleration of Topology Optimization Based on Constrained Level Set Function Using Method of Moving Asymptotes in 3-D Nonlinear Magnetic Field System
F,二区(电磁专业),2020,IEEE Transactions on Magnetics,Shogo Fujita,3,0,article,10.1109/tmag.2019.2950497,Time-Domain Analysis of Magnetically Shielded Wire Coils Using Homogenized Finite-Element Method
F,二区(电磁专业),2019,IEEE Transactions on Magnetics,Dong-Su Lee,4,17,article,10.1109/tmag.2019.2905591,Exploring Fully Superconducting Air-Core Machine Topology for Off-Shore Wind Turbine Applications
F,二区(电磁专业),2019,IEEE Transactions on Magnetics,Kurt Jenney,2,18,article,10.1109/tmag.2019.2894934,Leakage Flux of the Trans-Rotary Magnetic Gear
F,二区(电磁专业),2023,IEEE Transactions on Magnetics,Botao Liu,4,5,article,10.1109/tmag.2023.3288893,Stray Loss Evaluation of Power Transformers Using Simplified Air-Core Model With Tank and Frame
F,二区(电磁专业),2022,IEEE Transactions on Magnetics,Qiang Yu,6,7,article,10.1109/tmag.2022.3150879,A Magnetic Network Model and Harmonic Analysis of a Canned Switched Reluctance Machine
F,二区(电磁专业),2015,IEEE Transactions on Magnetics,Hossein Vahid Alizadeh,2,12,article,10.1109/tmag.2015.2477083,Analytical Calculation of the Magnetic Vector Potential of an Axisymmetric Solenoid in the Presence of Iron Parts
F,二区(电磁专业),2021,IEEE Transactions on Magnetics,He Zhang,4,9,article,10.1109/tmag.2021.3079696,Design and Analysis of a High Thrust Linear Voice Coil Motor Using for the Stiffness Test of Linear Motor Servo System
F,二区(电磁专业),2018,IEEE Transactions on Magnetics,Simon John Greaves,2,5,article,10.1109/tmag.2018.2868279,Effect of Spin-Torque Oscillator Tilt Angle in Microwave-Assisted Magnetic Recording
F,二区(电磁专业),2022,IEEE Transactions on Magnetics,Yiwei Lu,6,10,article,10.1109/tmag.2022.3167523,Magnetic Enhancement-Based Multi-Objective Optimization Design of the Large-Scale High-Intensity Homogeneous Magnetic Field Coil System
F,二区(电磁专业),2018,IEEE Transactions on Magnetics,Zhichao Cai,3,3,article,10.1109/tmag.2018.2832467,Research on Eddy-Current Testing of Functional Polymer Composite Material
F,二区(电磁专业),2016,IEEE Transactions on Magnetics,E. Auerbach,4,1,article,10.1109/tmag.2016.2524507,Influence of Parasitic Capacitance on Single and Dual 2-D Magnetic Recording Read Head Performance
F,二区(电磁专业),2024,IEEE Transactions on Magnetics,Ji-Sung Lee,4,4,article,10.1109/tmag.2024.3519602,Novel Salient Stator Pole-Shoe Structure for Reducing Shaft-to-Frame Voltage of the PMSM
F,二区(电磁专业),2023,IEEE Transactions on Magnetics,A. Goncharov,1,2,article,10.1109/tmag.2023.3299888,Advanced Micromagnetic Modeling of Recording Heads
F,二区(电磁专业),2021,IEEE Transactions on Magnetics,Guodong Zhu,2,2,article,10.1109/tmag.2021.3127658,Equivalence-Principle-Based Modeling and Analysis of Coil Assemblies Applied in Electric Vehicle Inductive Chargers
F,二区(电磁专业),2026,IEEE Transactions on Magnetics,Zhidan Zhang,6,0,article,10.1109/tmag.2026.3667608,Optimizing Corner Geometry of Door Seams in a Magnetic Shielding Room for Enhanced Shielding Effectiveness
F,二区(电磁专业),2025,IEEE Transactions on Magnetics,Zi-Ang Zhu,7,1,article,10.1109/tmag.2025.3566471,Structural Design for Post-Assembly Magnetization of Low-Speed High-Torque PMSM in Consideration of Eddy Current Effect
F,二区(电磁专业),2026,IEEE Transactions on Magnetics,Zifan Li,5,0,article,10.1109/tmag.2026.3696692,PCB-Embedded SiC MOSFET Packaging Using Shield to Suppress Near-Field Magnetic Radiation
F,二区(电磁专业),2015,IEEE Transactions on Magnetics,G. S. Choe,4,0,article,10.1109/tmag.2015.2435053,Adjacent and Far Track Erasure Dependence on Media Soft Underlayer Permeability in Shielded Head Recording
F,二区(电磁专业),2026,IEEE Transactions on Magnetics,Balaji Sriram,7,0,article,10.1109/tmag.2026.3675865,Topology Optimization of Ferromagnetic Core in Wireless Charging Systems with EMI shielding: Modelling and Experimental Validation
F,二区(电磁专业),2026,IEEE Transactions on Magnetics,Xiangyu Guan,4,0,article,10.1109/tmag.2026.3703450,Compress Magnetic Sensing for ITSC Fault Diagnosis of Induction Motor by Reinforcement Learning and Reduced Order Modeling
F,二区(电磁专业),2016,International Journal for Numerical Methods in Engineering,Peter Betsch,2,43,article,10.1002/nme.5217,An energy–momentum consistent method for transient simulations with mixed finite elements developed in the framework of geometrically exact shells
F,一区,2021,IEEE Transactions on Industrial Electronics,Xu Hua,3,47,article,10.1109/tie.2021.3071685,Analysis and Diagnosis of Shielded Cable Faults Based on Finite-Element Method and Time-Reversal Time-Frequency Domain Reflectometry
F,一区,2021,IEEE Transactions on Industrial Electronics,Zhichao Luo,5,33,article,10.1109/tie.2021.3109519,3-D Analytical Model of Bipolar Coils With Multiple Finite Magnetic Shields for Wireless Electric Vehicle Charging Systems
F,一区,2021,IEEE Transactions on Industrial Electronics,Yinxi Jin,7,63,article,10.1109/tie.2021.3066929,Analysis and Design of a Uniform Magnetic Field Coil With a Magnetic Shield Based on an Improved Analytical Model
F,一区,2019,Mechanical Systems and Signal Processing,Xu Zheng,4,41,article,10.1016/j.ymssp.2019.02.042,Prediction and energy contribution analysis of interior noise in a high-speed train based on modified energy finite element analysis
F,一区,2024,IEEE Transactions on Power Electronics,Zhongbang Chen,5,18,article,10.1109/tpel.2024.3425713,Mutual Inductance Calculation of Rectangular Coils at Arbitrary Position With Bilateral Finite Magnetic Shields in Wireless Power Transfer Systems
F,一区,2018,IEEE Transactions on Power Electronics,Ming Lü,2,25,article,10.1109/tpel.2018.2865649,Circuit Models and Fast Optimization of Litz Shield for Inductive-Power-Transfer Coils
F,一区,2019,IEEE Transactions on Industrial Electronics,Donghua Pan,7,143,article,10.1109/tie.2019.2899544,Research on the Design Method of Uniform Magnetic Field Coil Based on the MSR
F,一区,2017,IEEE Transactions on Power Electronics,Hua Zhang,5,184,article,10.1109/tpel.2017.2662583,Six-Plate Capacitive Coupler to Reduce Electric Field Emission in Large Air-Gap Capacitive Power Transfer
F,一区,2024,IEEE Transactions on Power Electronics,Tyler McGrew,3,12,article,10.1109/tpel.2024.3463486,PCB Inductor With Integrated Shielding to Contain Switching Electric Field and Reduce CM Noise
F,一区,2025,IEEE Transactions on Power Electronics,Yibo Wang,6,9,article,10.1109/tpel.2025.3533697,Laminated Cores in Inductive Power Transfer: A Viaduct Structure for Balanced Flux and Minimal Shielding Loss
F,一区,2020,IEEE Transactions on Industrial Electronics,Meng Xiong,5,101,article,10.1109/tie.2020.3016259,Research on Novel Flexible High-Saturation Nanocrystalline Cores for Wireless Charging Systems of Electric Vehicles
F,一区,2023,IEEE Transactions on Industrial Electronics,Yang Wu,4,10,article,10.1109/tie.2023.3285920,Improved Common-Mode Leakage Current Measurement Method for Insulation Condition Monitoring in Distribution Grids
F,一区,2018,IEEE Transactions on Industrial Electronics,Qiang Yu,4,10,article,10.1109/tie.2018.2793262,Analysis of Eddy Current and Loss of a Novel Canned Switched Reluctance Machine
F,一区,2025,IEEE Transactions on Industrial Electronics,Huang Wei-yi,6,3,article,10.1109/tie.2025.3591653,Magnetic Structure Design for Drone WPT With Ultra-Low Stray Magnetic Fields and High Anti-Offset Performance
F,一区,2023,IEEE Transactions on Industrial Electronics,Yuan Cheng,3,6,article,10.1109/tie.2023.3253922,Design and Performance Research of a Novel Iron-Core Permanent Magnet Compensated Pulsed Alternator With Segmental Squirrel-Cage
F,一区,2023,IEEE Transactions on Power Electronics,Yue Liu,3,4,article,10.1109/tpel.2023.3299984,Inductance Calculation Method Considering the Window Effect of Planarized Magnetic Core
F,一区,2026,IEEE Transactions on Power Electronics,Wenqiong Chen,6,0,article,10.1109/tpel.2026.3703875,Multilayered Frequency Selective Surfaces for Magnetic Field Shielding in Megahertz Wireless Power Transfer Systems
F,一区,2026,IEEE Transactions on Power Electronics,X. X. Zhou,4,0,article,10.1109/tpel.2026.3699940,Analysis and Reduction Methods for Floating Potential and Voltage Stress in IPT System
F,一区,2022,Mechanical Systems and Signal Processing,Zhaochen Ding,6,55,article,10.1016/j.ymssp.2022.109494,Achieving smooth motion of stick–slip piezoelectric actuator by means of alternate stepping
F,一区,2019,IEEE Transactions on Power Electronics,Boyi Zhang,2,43,article,10.1109/tpel.2019.2953748,Analysis and Reduction of the Near Magnetic Field Emission From Toroidal Inductors
F,一区,2022,IEEE Transactions on Power Electronics,Huazhen Huang,2,19,article,10.1109/tpel.2022.3173082,A Cancelation Method of Mutual Inductance Between Capacitors in EMI Filter
F,一区,2025,IEEE Transactions on Power Electronics,Zhaofa Du,6,1,article,10.1109/tpel.2025.3591402,FEA-Free Multiparameter Optimization of Low-EMI Toroidal Air-Core Reactors via NSGA-II for Compact Power Conversion Systems
F,一区,2019,International Journal of Heat and Mass Transfer,Ramin Khademi,3,38,article,10.1016/j.ijheatmasstransfer.2019.03.123,Thermal analysis of a tumorous vascular tissue during pulsed-cryosurgery and nano-hyperthermia therapy: Finite element approach
F,一区,2020,International Journal of Heat and Mass Transfer,Behnaz Gheflati,2,42,article,10.1016/j.ijheatmasstransfer.2020.119415,Computational study of nanoparticle assisted hyperthermia in tumors embedded with large blood vessels
F,一区,2021,International Journal of Heat and Mass Transfer,Yundong Tang,4,18,article,10.1016/j.ijheatmasstransfer.2021.121609,Computational evaluation of malignant tissue apoptosis in magnetic hyperthermia considering intratumoral injection strategy
F,一区,2016,Applied Thermal Engineering,Xi Wu,3,53,article,10.1016/j.applthermaleng.2016.07.010,Theoretical evaluation of high frequency microwave ablation applied in cancer therapy
F,一区,2025,International Journal of Heat and Mass Transfer,Farnaz Rezaei,4,14,article,10.1016/j.ijheatmasstransfer.2025.126980,"A physics-informed neural network method for thermal analysis in laser-irradiated 3D skin tissues with embedded vasculature, tumor and gold nanorods"
F,二区(电磁专业),2015,IEEE Transactions on Magnetics,Zsolt Badics,4,18,article,10.1109/tmag.2015.2479402,Finite-Element-Integral Equation Full-Wave Multisolver for Efficient Modeling of Resonant Wireless Power Transfer
F,二区(电磁专业),2019,IEEE Transactions on Magnetics,Apostolos Diamantis,2,11,article,10.1109/tmag.2019.2910128,Mixed Numerical Methodology for Evaluation of Low-Frequency Electric and Magnetic Fields Near Power Facilities
F,二区(电磁专业),2015,IEEE Transactions on Magnetics,Amane Takei,5,12,article,10.1109/tmag.2015.2479467,High-Accuracy Electromagnetic Field Simulation Using Numerical Human Body Models
F,二区(电磁专业),2016,IEEE Transactions on Magnetics,Keita Yamamoto,4,17,article,10.1109/tmag.2016.2519443,Numerical Analyses of Transcranial Magnetic Stimulation Based on Individual Brain Models by Using a Scalar-Potential Finite-Difference Method
F,二区(电磁专业),2018,IEEE Transactions on Magnetics,Chany Lee,3,7,article,10.1109/tmag.2018.2794501,Techniques for Efficient Computation of Electric Fields Generated by Transcranial Direct-Current Stimulation
F,二区(电磁专业),2018,IEEE Transactions on Magnetics,Yaxiang Wu,3,6,article,10.1109/tmag.2018.2850915,Numerical Investigation of the Magnetic and Electric Field Distributions Produced by Biconical Transcranial Magnetic Stimulation Coil for Optimal Design
F,二区(电磁专业),2021,IEEE Transactions on Magnetics,Chirayu Nimonkar,4,7,article,10.1109/tmag.2021.3104517,Development of Anatomically Accurate Brain Model of Small Animals for Experimental Verification of Transcranial Magnetic Stimulation
F,二区(电磁专业),2021,IEEE Transactions on Magnetics,Ivan C. Carmona,4,8,article,10.1109/tmag.2021.3082853,Estimation of the Focality of Coils and Quality of Stimulation of Biological Tissues During Transcranial Magnetic Stimulation
F,二区(电磁专业),2021,IEEE Transactions on Magnetics,Oluwaponmile F. Afuwape,3,2,article,10.1109/tmag.2021.3092370,Transcranial Magnetic Stimulation: The Effect of Age and Other Factors on the Intensity of the Quadruple Butterfly Coil
